,,,,,,,,,,,,,,,,,,,,,,,,,,,,,,,,,,,,,
,,,,,,,,,,,,,,,,,,,,,,,,,,,,,,,,,,,,,
,,S.No,Symbol,LTP,Point Change,% Change,Open,High,Low,Volume,Prev. Close,,S.No,Symbol,Conf.,Open,High,Low,Close,LTP,Close - LTP,Close - LTP %,VWAP,Vol,Prev. Close,Turnover,Trans.,Diff,Range,Diff %,Range %,VWAP %,120 Days,180 Days,52 Weeks High,52 Weeks Low,
,,1,ACLBSL,934,4,0.43,930,935,910.3,502,930,,1,ACLBSL,-,930,935,910.3,934,934,0,0,915.52,502,930,"459,588.80",22,4,24.7,0.43,2.71,1.98,964.84,967.88,"1,202.00",827.9,
,,2,ADBL,322.5,2.5,0.78,318.2,324,317.3,"147,317.00",320,,2,ADBL,-,318.2,324,317.3,322.5,322.5,0,0,322.56,"147,317.00",320,"47,517,908.70",208,2.5,6.7,0.78,2.11,-0.02,310.48,308.34,344.9,285.2,
,,3,ADBLD83,"1,025.00",5,0.49,"1,029.70","1,029.70","1,025.00",45,"1,020.00",,3,ADBLD83,-,"1,029.70","1,029.70","1,025.00","1,025.00","1,025.00",0,0,"1,027.61",45,"1,020.00","46,242.50",2,5,4.7,0.49,0.46,-0.25,"1,082.47","1,087.85","1,132.90","1,015.00",
,,4,AHL,420,0,0,411,423,411,"1,619.00",420,,4,AHL,-,411,423,411,420,420,0,0,415.76,"1,619.00",420,"673,117.60",47,0,12,0,2.92,1.01,499.34,528.35,699,405,
,,5,AHPC,269,2,0.75,265,269.8,265,"117,686.00",267,,5,AHPC,-,265,269.8,265,269,269,0,0,266.91,"117,686.00",267,"31,411,388.40",196,2,4.8,0.75,1.81,0.78,280.53,279.06,323.3,250.1,
,,6,AKJCL,366,6,1.67,360,367.9,357.1,"223,712.00",360,,6,AKJCL,-,360,367.9,357.1,366,366,0,0,363.98,"223,712.00",360,"81,426,269.80",556,6,10.8,1.67,3.02,0.55,377.08,317.55,461.4,172.9,
,,7,AKPL,261.7,4.8,1.87,255.9,261.7,254.1,"54,673.00",256.9,,7,AKPL,-,255.9,261.7,254.1,261.7,261.7,0,0,258.15,"54,673.00",256.9,"14,113,758.50",206,4.8,7.6,1.87,2.99,1.36,270.31,262.56,317,227.5,
,,8,ALBSL,"1,114.80",27.2,2.5,"1,051.00","1,114.80","1,051.00","10,020.00","1,087.60",,8,ALBSL,-,"1,051.00","1,114.80","1,051.00","1,114.80","1,114.80",0,0,"1,081.23","10,020.00","1,087.60","10,833,880.20",113,27.2,63.8,2.5,6.07,3.01,"1,123.58","1,118.26","1,334.00",921,
,,9,ALICL,431.7,3,0.7,428.7,433.8,423.5,"48,252.00",428.7,,9,ALICL,-,428.7,433.8,423.5,431.7,431.7,0,0,427.62,"48,252.00",428.7,"20,633,493.80",91,3,10.3,0.7,2.43,0.95,454.14,459.72,531,413.4,
,,10,ANLB,"5,649.00",-48,-0.84,"5,500.00","6,277.00","5,460.00","1,810.00","5,697.00",,10,ANLB,-,"5,500.00","6,277.00","5,460.00","5,649.00","5,649.00",0,0,"5,583.69","1,810.00","5,697.00","10,106,477.50",82,-48,817,-0.84,14.96,1.16,"6,189.97","6,182.11","7,560.00","5,450.00",
,,11,APHL,839,5,0.6,820.8,844.9,820.8,"15,695.00",834,,11,APHL,-,820.8,844.9,820.8,839,839,0,0,832.96,"15,695.00",834,"13,073,343.50",295,5,24.1,0.6,2.94,0.72,0,0,"1,053.40",299.7,
,,12,API,335.3,2.3,0.69,334.8,337,332,"126,694.00",333,,12,API,-,334.8,337,332,335.3,335.3,0,0,334.3,"126,694.00",333,"42,354,011.00",332,2.3,5,0.69,1.51,0.3,336,319.83,370,258.8,
,,13,AVYAN,"1,029.00",14,1.38,"1,002.10","1,029.00","1,002.10","1,441.00","1,015.00",,13,AVYAN,-,"1,002.10","1,029.00","1,002.10","1,029.00","1,029.00",0,0,"1,015.70","1,441.00","1,015.00","1,463,630.00",35,14,26.9,1.38,2.68,1.29,"1,080.73","1,044.39","1,366.00",906,
,,14,BANDIPUR,727,7.2,1,711,728,703.1,"34,075.00",719.8,,14,BANDIPUR,-,711,728,703.1,727,727,0,0,713.5,"34,075.00",719.8,"24,312,461.40",409,7.2,24.9,1,3.54,1.86,856.04,0,"1,233.00",285,
,,15,BARUN,323,-0.1,-0.03,321,327,320,"21,104.00",323.1,,15,BARUN,-,321,327,320,323,323,0,0,323.61,"21,104.00",323.1,"6,829,566.30",107,-0.1,7,-0.03,2.19,-0.19,347.38,342.08,407.1,292.1,
,,16,BBC,"4,280.00",0,0,"4,201.00","4,297.00","4,190.00",161,"4,280.00",,16,BBC,-,"4,201.00","4,297.00","4,190.00","4,280.00","4,280.00",0,0,"4,253.40",161,"4,280.00","684,798.00",15,0,107,0,2.55,0.62,"4,640.53","4,723.57","6,120.00","3,825.00",
,,17,BEDC,318.1,-1.9,-0.59,317.4,323.9,315,"25,955.00",320,,17,BEDC,-,317.4,323.9,315,318.1,318.1,0,0,318.72,"25,955.00",320,"8,272,496.60",121,-1.9,8.9,-0.59,2.83,-0.2,416.06,463.75,836.9,303.1,
,,18,BFC,510,0.2,0.04,535,535,501,"57,251.00",509.8,,18,BFC,-,535,535,501,510,510,0,0,508.68,"57,251.00",509.8,"29,122,608.50",244,0.2,34,0.04,6.79,0.26,486.16,481.61,564,411.5,
,,19,BGWT,595,-2,-0.34,581,596.9,565,"1,290.00",597,,19,BGWT,-,581,596.9,565,595,595,0,0,587.28,"1,290.00",597,"757,594.50",38,-2,31.9,-0.34,5.65,1.3,687.57,715.96,957,516.1,
,,20,BHCL,503.9,17.9,3.68,486,506.6,482,"28,242.00",486,,20,BHCL,-,486,506.6,482,503.9,503.9,0,0,499.5,"28,242.00",486,"14,106,893.80",283,17.9,24.6,3.68,5.1,0.87,553.9,536.07,699,292.1,
,,21,BHDC,431.4,-1.6,-0.37,435,435,427.1,"3,261.00",433,,21,BHDC,-,435,435,427.1,431.4,431.4,0,0,432.03,"3,261.00",433,"1,408,835.40",52,-1.6,7.9,-0.37,1.85,-0.15,465.33,473.57,620,412,
,,22,BHL,212.4,1.9,0.9,210,212.8,209,"71,648.00",210.5,,22,BHL,-,210,212.8,209,212.4,212.4,0,0,210.95,"71,648.00",210.5,"15,114,085.30",253,1.9,3.8,0.9,1.82,0.68,218.11,205.79,264.4,164,
,,23,BHPL,480,13.7,2.94,450,488.2,450,"4,825.00",466.3,,23,BHPL,-,450,488.2,450,480,480,0,0,467.46,"4,825.00",466.3,"2,255,503.60",59,13.7,38.2,2.94,8.49,2.61,536.79,561.2,834,449,
,,24,BJHL,731.3,15.3,2.14,700,731.3,700,"4,577.00",716,,24,BJHL,-,700,731.3,700,731.3,731.3,0,0,713.36,"4,577.00",716,"3,265,034.00",111,15.3,31.3,2.14,4.47,2.45,0,0,"1,305.00",270.1,
,,25,BNHC,282,-1.7,-0.6,283,283.9,279,"13,889.00",283.7,,25,BNHC,-,283,283.9,279,282,282,0,0,280.17,"13,889.00",283.7,"3,891,271.60",106,-1.7,4.9,-0.6,1.76,0.65,350.36,383.37,613.8,261.3,
,,26,BNT,"11,000.50",-619.5,-5.33,"11,300.00","11,300.00","11,000.50",25,"11,620.00",,26,BNT,-,"11,300.00","11,300.00","11,000.50","11,000.50","11,000.50",0,0,"11,120.30",25,"11,620.00","278,007.50",2,-619.5,299.5,-5.33,2.72,-1.09,"11,732.18","11,678.58","12,861.00","10,660.00",
,,27,BPCL,655.5,5.5,0.85,645,658,640.1,"20,139.00",650,,27,BPCL,-,645,658,640.1,655.5,655.5,0,0,646.06,"20,139.00",650,"13,011,026.00",117,5.5,17.9,0.85,2.8,1.44,693.53,709.14,965,612,
,,28,BUNGAL,597,10,1.7,582,597,570.2,"27,776.00",587,,28,BUNGAL,-,582,597,570.2,597,597,0,0,584.35,"27,776.00",587,"16,230,951.00",285,10,26.8,1.7,4.7,2.12,652.13,0,895,302.4,
,,29,C30MF,10.07,0,0,10.07,10.07,10.07,100,10.07,,29,C30MF,-,10.07,10.07,10.07,10.07,10.07,0,0,10.07,100,10.07,"1,007.00",1,0,0,0,0,0,9.99,9.73,10.71,8.7,
,,30,CBBL,932,3.8,0.41,932.8,933.7,927,"14,110.00",928.2,,30,CBBL,-,932.8,933.7,927,932,932,0,0,930.3,"14,110.00",928.2,"13,126,509.60",122,3.8,6.7,0.41,0.72,0.18,923.47,944.95,"1,124.00",882,
,,31,CBLD88,"1,187.00",-13,-1.08,"1,180.00","1,187.00","1,180.00",50,"1,200.00",,31,CBLD88,-,"1,180.00","1,187.00","1,180.00","1,187.00","1,187.00",0,0,"1,183.50",50,"1,200.00","59,175.00",3,-13,7,-1.08,0.59,0.29,"1,218.05","1,193.35","1,325.00","1,108.00",
,,32,CFCL,662,1.9,0.29,627.1,675,627.1,"223,631.00",660.1,,32,CFCL,-,627.1,675,627.1,662,662,0,0,663.42,"223,631.00",660.1,"148,361,078.60",529,1.9,47.9,0.29,7.64,-0.21,564.94,541.57,699,445.1,
,,33,CGH,784,-2,-0.25,780,789,777.1,"8,571.00",786,,33,CGH,-,780,789,777.1,784,784,0,0,780.82,"8,571.00",786,"6,692,421.20",55,-2,11.9,-0.25,1.53,0.41,813.16,834.61,"1,104.00",748,
,,34,CHCL,494.1,-0.9,-0.18,495,497.4,492,"20,369.00",495,,34,CHCL,-,495,497.4,492,494.1,494.1,0,0,495.66,"20,369.00",495,"10,096,071.60",108,-0.9,5.4,-0.18,1.1,-0.32,484.74,485.68,550,450.3,
,,35,CHDC,"2,221.90",-8,-0.36,"2,170.00","2,243.00","2,170.00","25,958.00","2,229.90",,35,CHDC,-,"2,170.00","2,243.00","2,170.00","2,221.90","2,221.90",0,0,"2,218.43","25,958.00","2,229.90","57,586,093.00",203,-8,73,-0.36,3.36,0.16,"2,323.99","2,319.46","2,879.00","1,967.00",
,,36,CHL,268,4,1.52,262.6,268,260,"15,438.00",264,,36,CHL,-,262.6,268,260,268,268,0,0,262.96,"15,438.00",264,"4,059,518.00",76,4,8,1.52,3.08,1.88,286.43,277.96,332.5,223.4,
,,37,CIT,"1,715.00",-1,-0.06,"1,726.00","1,726.00","1,701.00","4,400.00","1,716.00",,37,CIT,-,"1,726.00","1,726.00","1,701.00","1,715.00","1,715.00",0,0,"1,711.47","4,400.00","1,716.00","7,530,482.80",93,-1,25,-0.06,1.47,0.21,"1,761.18","1,783.25","2,090.00","1,630.30",
,,38,CITY,368.2,1.4,0.38,348.5,372,348.5,"72,331.00",366.8,,38,CITY,-,348.5,372,348.5,368.2,368.2,0,0,367.26,"72,331.00",366.8,"26,563,930.20",359,1.4,23.5,0.38,6.74,0.26,435.81,459.79,964,327.8,
,,39,CKHL,605.6,17.6,2.99,570.4,605.6,570.4,943,588,,39,CKHL,-,570.4,605.6,570.4,605.6,605.6,0,0,581.74,943,588,"548,584.60",25,17.6,35.2,2.99,6.17,3.94,669.3,660.06,804,525,
,,40,CLI,448,3.7,0.83,441,448,441,"9,671.00",444.3,,40,CLI,-,441,448,441,448,448,0,0,442.79,"9,671.00",444.3,"4,282,178.70",166,3.7,7,0.83,1.59,1.16,460.85,467.08,526,411,
,,41,CORBL,"1,120.00",-35,-3.03,"1,150.00","1,189.00","1,050.00","98,227.00","1,155.00",,41,CORBL,-,"1,150.00","1,189.00","1,050.00","1,120.00","1,120.00",0,0,"1,107.62","98,227.00","1,155.00","108,797,854.00","1,659",-35,139,-3.03,13.24,1.11,"1,831.58","1,781.44","3,183.00","1,050.00",
,,42,CREST,"1,190.00",-3,-0.25,"1,252.60","1,252.60","1,174.10","9,053.00","1,193.00",,42,CREST,-,"1,252.60","1,252.60","1,174.10","1,190.00","1,190.00",0,0,"1,178.26","9,053.00","1,193.00","10,666,776.60",107,-3,78.5,-0.25,6.69,0.99,"1,276.97","1,276.10","1,588.00",985.2,
,,43,CSY,9.34,0.32,3.55,9.1,9.34,9.03,"24,577.00",9.02,,43,CSY,-,9.1,9.34,9.03,9.34,9.34,0,0,9.31,"24,577.00",9.02,"228,843.42",40,0.32,0.31,3.55,3.43,0.31,0,0,10,8.78,
,,44,CYCL,"1,310.00",10,0.77,"1,300.10","1,315.00","1,300.00",857,"1,300.00",,44,CYCL,-,"1,300.10","1,315.00","1,300.00","1,310.00","1,310.00",0,0,"1,302.97",857,"1,300.00","1,116,643.20",24,10,15,0.77,1.15,0.54,"1,495.83","1,512.37","2,021.00","1,280.00",
,,45,CZBIL,207.9,2,0.97,203.1,208.6,203.1,"36,995.00",205.9,,45,CZBIL,-,203.1,208.6,203.1,207.9,207.9,0,0,206.15,"36,995.00",205.9,"7,626,483.90",122,2,5.5,0.97,2.71,0.84,203.98,201.09,238.6,183,
,,46,CZBILP,100,-5.8,-5.48,100.6,100.6,100,"150,000.00",105.8,,46,CZBILP,-,100.6,100.6,100,100,100,0,0,100,"150,000.00",105.8,"15,000,006.00",2,-5.8,0.6,-5.48,0.6,0,151.96,0,109,100,
,,47,DDBL,836.5,1.5,0.18,835,836.5,830,"3,939.00",835,,47,DDBL,-,835,836.5,830,836.5,836.5,0,0,832.38,"3,939.00",835,"3,278,739.60",45,1.5,6.5,0.18,0.78,0.49,844.95,846.68,981,793,
,,48,DHEL,587.9,7.9,1.36,552.5,590,552.5,"11,475.00",580,,48,DHEL,-,552.5,590,552.5,587.9,587.9,0,0,582.19,"11,475.00",580,"6,680,671.00",210,7.9,37.5,1.36,6.79,0.97,647.95,0,918.9,402.2,
,,49,DHPL,294,-1.3,-0.44,286.5,294,283.1,749,295.3,,49,DHPL,-,286.5,294,283.1,294,294,0,0,288.14,749,295.3,"215,817.00",13,-1.3,10.9,-0.44,3.85,1.99,302.39,300.23,345,254,
,,50,DLBS,"1,214.00",24,2.02,"1,165.00","1,215.00","1,165.00",233,"1,190.00",,50,DLBS,-,"1,165.00","1,215.00","1,165.00","1,214.00","1,214.00",0,0,"1,181.93",233,"1,190.00","275,389.70",12,24,50,2.02,4.29,2.64,"1,300.39","1,317.24","1,634.00","1,083.80",
,,51,DOLTI,325,5,1.56,320,325,315,"19,315.00",320,,51,DOLTI,-,320,325,315,325,325,0,0,319.38,"19,315.00",320,"6,168,754.90",120,5,10,1.56,3.17,1.73,411.83,448.14,619,300.1,
,,52,DORDI,253.5,0.8,0.32,253,257.4,250.1,"26,615.00",252.7,,52,DORDI,-,253,257.4,250.1,253.5,253.5,0,0,252.74,"26,615.00",252.7,"6,726,632.20",120,0.8,7.3,0.32,2.92,0.3,275.98,271.9,327.4,213.1,
,,53,EBL,728.6,4.6,0.64,725,730.4,720,"29,334.00",724,,53,EBL,-,725,730.4,720,728.6,728.6,0,0,728.5,"29,334.00",724,"21,369,714.50",154,4.6,10.4,0.64,1.44,0.01,698.19,681.75,780.6,619,
,,54,EBLD85,"1,130.00",-5,-0.44,"1,135.00","1,135.00","1,112.40",123,"1,135.00",,54,EBLD85,-,"1,135.00","1,135.00","1,112.40","1,130.00","1,130.00",0,0,"1,125.20",123,"1,135.00","138,400.00",6,-5,22.6,-0.44,2.03,0.42,"1,165.38","1,156.71","1,250.00","1,097.00",
,,55,EBLD91,"1,064.00",-16,-1.48,"1,063.10","1,064.00","1,063.10",75,"1,080.00",,55,EBLD91,-,"1,063.10","1,064.00","1,063.10","1,064.00","1,064.00",0,0,"1,063.40",75,"1,080.00","79,755.00",2,-16,0.9,-1.48,0.08,0.06,"1,088.88","1,087.79","1,142.40",994.4,
,,56,ECL,"1,309.30",170.7,14.99,"1,195.00","1,309.30","1,195.00","13,500.00","1,138.60",,56,ECL,-,"1,195.00","1,309.30","1,195.00","1,309.30","1,309.30",0,0,"1,308.70","13,500.00","1,138.60","17,667,452.00","1,331",170.7,114.3,14.99,9.56,0.05,0,0,"1,309.30",296.6,
,,57,EDBL,579,5,0.87,574.1,582,572,"6,814.00",574,,57,EDBL,-,574.1,582,572,579,579,0,0,578.42,"6,814.00",574,"3,941,375.10",23,5,10,0.87,1.75,0.1,584.71,588.3,690,545,
,,58,EHPL,340.1,-3.4,-0.99,349,349,337,"15,290.00",343.5,,58,EHPL,-,349,349,337,340.1,340.1,0,0,342.1,"15,290.00",343.5,"5,230,783.50",97,-3.4,12,-0.99,3.56,-0.59,397,405.31,660,318.3,
,,59,ENL,814.5,8.5,1.05,795.1,814.5,795.1,330,806,,59,ENL,-,795.1,814.5,795.1,814.5,814.5,0,0,797.32,330,806,"263,117.00",13,8.5,19.4,1.05,2.44,2.11,888.03,895.93,"1,179.90",762,
,,60,FMDBL,770,12,1.58,765,770,756,"8,394.00",758,,60,FMDBL,-,765,770,756,770,770,0,0,763.54,"8,394.00",758,"6,409,179.00",67,12,14,1.58,1.85,0.84,799.52,806.37,990.1,730,
,,61,FOWAD,964.9,12.9,1.36,977.9,977.9,945,"2,220.00",952,,61,FOWAD,-,977.9,977.9,945,964.9,964.9,0,0,947.14,"2,220.00",952,"2,102,642.10",49,12.9,32.9,1.36,3.48,1.84,"1,062.15","1,073.13","1,364.00",933,
,,62,GBBL,420,1,0.24,412.5,420.8,412.5,"13,519.00",419,,62,GBBL,-,412.5,420.8,412.5,420,420,0,0,418.2,"13,519.00",419,"5,653,579.40",78,1,8.3,0.24,2.01,0.43,411.21,402.98,466.1,367.4,
,,63,GBIME,262,6,2.34,254,265,252,"588,735.00",256,,63,GBIME,-,254,265,252,262,262,0,0,260.31,"588,735.00",256,"153,254,623.40",989,6,13,2.34,5.16,0.64,238.28,234.93,270,218.9,
,,64,GBIMEP,104.7,-6.7,-6.01,105.9,105.9,104.7,"386,068.00",111.4,,64,GBIMEP,-,105.9,105.9,104.7,104.7,104.7,0,0,105.06,"386,068.00",111.4,"40,558,514.40",3,-6.7,1.2,-6.01,1.15,-0.34,106.23,122.11,131,100,
,,65,GBIMESY2,9.25,0.21,2.32,9.24,9.27,9,"3,900.00",9.04,,65,GBIMESY2,-,9.24,9.27,9,9.25,9.25,0,0,9.23,"3,900.00",9.04,"36,004.00",7,0.21,0.27,2.32,3,0.2,9.4,9.27,10.78,8.5,
,,66,GBLBS,748,0,0,726.1,748,726.1,"1,829.00",748,,66,GBLBS,-,726.1,748,726.1,748,748,0,0,739.97,"1,829.00",748,"1,353,409.50",36,0,21.9,0,3.02,1.07,769.28,774.15,908.5,698,
,,67,GCIL,359,-0.8,-0.22,354.1,360.9,354.1,"8,094.00",359.8,,67,GCIL,-,354.1,360.9,354.1,359,359,0,0,358.22,"8,094.00",359.8,"2,899,467.70",120,-0.8,6.8,-0.22,1.92,0.22,407.72,415.63,537,315.5,
,,68,GFCL,613.1,1.1,0.18,612,615,603.5,"5,156.00",612,,68,GFCL,-,612,615,603.5,613.1,613.1,0,0,610.91,"5,156.00",612,"3,149,873.50",43,1.1,11.5,0.18,1.91,0.36,639.62,628.59,748.6,528.3,
,,69,GHL,226.8,2.1,0.93,213.5,228,213.5,"22,211.00",224.7,,69,GHL,-,213.5,228,213.5,226.8,226.8,0,0,225.12,"22,211.00",224.7,"5,000,091.90",81,2.1,14.5,0.93,6.79,0.74,239.92,231.57,290,197.1,
,,70,GIBF1,10.86,0.2,1.88,10.55,10.86,10.55,"1,300.00",10.66,,70,GIBF1,-,10.55,10.86,10.55,10.86,10.86,0,0,10.65,"1,300.00",10.66,"13,845.00",6,0.2,0.31,1.88,2.94,1.93,10.82,10.62,11.68,9.3,
,,71,GILB,"1,100.00",-5.9,-0.53,"1,105.90","1,105.90","1,078.10",218,"1,105.90",,71,GILB,-,"1,105.90","1,105.90","1,078.10","1,100.00","1,100.00",0,0,"1,090.26",218,"1,105.90","237,677.00",12,-5.9,27.8,-0.53,2.58,0.89,"1,131.82","1,160.04","1,441.60","1,020.10",
,,72,GLBSL,"1,810.00",-10,-0.55,"1,845.00","1,845.00","1,791.00",189,"1,820.00",,72,GLBSL,-,"1,845.00","1,845.00","1,791.00","1,810.00","1,810.00",0,0,"1,803.68",189,"1,820.00","340,895.00",10,-10,54,-0.55,3.02,0.35,"1,845.86","1,898.82","2,440.00","1,705.20",
,,73,GLH,259,7,2.78,250.3,259,248,"67,704.00",252,,73,GLH,-,250.3,259,248,259,259,0,0,254.46,"67,704.00",252,"17,228,294.30",261,7,11,2.78,4.44,1.75,269.52,264.49,328.2,227.4,
,,74,GMFBS,"1,215.00",-7.2,-0.59,"1,238.90","1,238.90","1,202.00",263,"1,222.20",,74,GMFBS,-,"1,238.90","1,238.90","1,202.00","1,215.00","1,215.00",0,0,"1,216.51",263,"1,222.20","319,942.90",9,-7.2,36.9,-0.59,3.07,-0.12,"1,338.27","1,402.40","1,740.00","1,130.50",
,,75,GMFIL,470,11,2.4,456.5,474,450,"59,668.00",459,,75,GMFIL,-,456.5,474,450,470,470,0,0,463.74,"59,668.00",459,"27,670,238.60",120,11,24,2.4,5.33,1.33,474.11,471.21,540,393.1,
,,76,GMLI,"1,149.00",11.9,1.05,"1,130.10","1,149.90","1,130.10",444,"1,137.10",,76,GMLI,-,"1,130.10","1,149.90","1,130.10","1,149.00","1,149.00",0,0,"1,137.86",444,"1,137.10","505,211.80",29,11.9,19.8,1.05,1.75,0.97,"1,440.31","1,561.27","2,200.00","1,114.00",
,,77,GRDBL,"1,072.00",9,0.85,"1,083.00","1,083.00","1,052.00","11,399.00","1,063.00",,77,GRDBL,-,"1,083.00","1,083.00","1,052.00","1,072.00","1,072.00",0,0,"1,070.95","11,399.00","1,063.00","12,207,769.50",110,9,31,0.85,2.95,0.1,"1,080.03","1,094.28","1,398.70",949,
,,78,GSY,9.65,-0.15,-1.53,9.53,9.8,9.53,900,9.8,,78,GSY,-,9.53,9.8,9.53,9.65,9.65,0,0,9.61,900,9.8,"8,648.00",7,-0.15,0.27,-1.53,2.83,0.43,9.85,9.58,10.46,8.7,
,,79,GUFL,572,-3,-0.52,570,579,569,"32,720.00",575,,79,GUFL,-,570,579,569,572,572,0,0,571.87,"32,720.00",575,"18,711,691.90",174,-3,10,-0.52,1.76,0.02,552.27,540.81,644,460.6,
,,80,GVL,487,2.5,0.52,480,489.5,477.6,"8,364.00",484.5,,80,GVL,-,480,489.5,477.6,487,487,0,0,483.34,"8,364.00",484.5,"4,042,626.60",55,2.5,11.9,0.52,2.49,0.75,491.34,501.08,662,461,
,,81,GWFD83,"1,089.70",-33.6,-2.99,"1,123.30","1,123.30","1,123.30",1,"1,123.30",,81,GWFD83,-,"1,123.30","1,123.30","1,123.30","1,089.70","1,089.70",0,0,"1,089.70",1,"1,123.30","1,089.70",1,-33.6,0,-2.99,0,0,"1,179.07","1,199.11","1,239.00","1,061.00",
,,82,H8020,11.63,-0.07,-0.6,11.8,11.8,11.49,800,11.7,,82,H8020,-,11.8,11.8,11.49,11.63,11.63,0,0,11.65,800,11.7,"9,319.00",5,-0.07,0.31,-0.6,2.7,-0.16,11.75,11.43,12.56,10,
,,83,HATHY,714,2,0.28,727,727,702,"4,107.00",712,,83,HATHY,-,727,727,702,714,714,0,0,708.9,"4,107.00",712,"2,911,448.90",70,2,25,0.28,3.56,0.71,828.14,857.95,"1,332.30",660,
,,84,HBL,202,3,1.51,197,216,195.8,"61,738.00",199,,84,HBL,-,197,216,195.8,202,202,0,0,200.36,"61,738.00",199,"12,369,771.10",553,3,20.2,1.51,10.32,0.81,202.05,198.58,239.8,184,
,,85,HBLD83,"1,013.10",-5.9,-0.58,"1,018.00","1,018.00","1,013.10",155,"1,019.00",,85,HBLD83,-,"1,018.00","1,018.00","1,013.10","1,013.10","1,013.10",0,0,"1,014.68",155,"1,019.00","157,275.50",2,-5.9,4.9,-0.58,0.48,-0.16,"1,045.97","1,047.45","1,111.00","1,000.00",
,,86,HDHPC,213.7,0.2,0.09,214,215,208,"106,601.00",213.5,,86,HDHPC,-,214,215,208,213.7,213.7,0,0,212.3,"106,601.00",213.5,"22,631,405.70",260,0.2,7,0.09,3.37,0.66,220.22,206.65,274,162,
,,87,HDL,"1,164.00",2.8,0.24,"1,167.00","1,167.00","1,160.30","18,896.00","1,161.20",,87,HDL,-,"1,167.00","1,167.00","1,160.30","1,164.00","1,164.00",0,0,"1,163.13","18,896.00","1,161.20","21,978,509.50",224,2.8,6.7,0.24,0.58,0.07,"1,162.69","1,167.55","1,496.00","1,097.60",
,,88,HEI,539,3,0.56,543.9,543.9,530,"3,856.00",536,,88,HEI,-,543.9,543.9,530,539,539,0,0,536.88,"3,856.00",536,"2,070,198.40",32,3,13.9,0.56,2.62,0.39,532.58,521.94,615.8,458,
,,89,HFIN,720,16,2.27,668.8,722,668.8,"22,713.00",704,,89,HFIN,-,668.8,722,668.8,720,720,0,0,709.48,"22,713.00",704,"16,114,369.00",527,16,53.2,2.27,7.95,1.46,0,0,"1,450.60",101.7,
,,90,HHL,340,2,0.59,347,347,336.3,"9,428.00",338,,90,HHL,-,347,347,336.3,340,340,0,0,338.21,"9,428.00",338,"3,188,669.00",81,2,10.7,0.59,3.18,0.53,358.47,350.14,420,309,
,,91,HIDCL,258.8,0.8,0.31,260,260,256.1,"17,829.00",258,,91,HIDCL,-,260,260,256.1,258.8,258.8,0,0,258.42,"17,829.00",258,"4,607,313.50",125,0.8,3.9,0.31,1.52,0.15,267.96,267.19,309.8,245,
,,92,HIDCLP,192.8,3.3,1.74,189,192.8,188.9,"70,013.00",189.5,,92,HIDCLP,-,189,192.8,188.9,192.8,192.8,0,0,190.51,"70,013.00",189.5,"13,337,976.60",126,3.3,3.9,1.74,2.06,1.19,200.73,195.24,230.6,174.4,
,,93,HIMSTAR,740,15,2.07,710,740,710,"1,586.00",725,,93,HIMSTAR,-,710,740,710,740,740,0,0,722.36,"1,586.00",725,"1,145,658.00",44,15,30,2.07,4.23,2.38,879.87,868.85,"1,264.00",252.2,
,,94,HLBSL,881.9,1.9,0.22,880,885,860.2,274,880,,94,HLBSL,-,880,885,860.2,881.9,881.9,0,0,870.55,274,880,"238,531.80",12,1.9,24.8,0.22,2.88,1.29,902.75,906.62,"1,081.20",830,
,,95,HLI,325,0.7,0.22,324,326,320.6,"25,031.00",324.3,,95,HLI,-,324,326,320.6,325,325,0,0,323.86,"25,031.00",324.3,"8,106,545.00",184,0.7,5.4,0.22,1.68,0.35,349.94,358.26,446.5,313.1,
,,96,HLICF,8.55,-0.14,-1.61,8.7,8.95,8.47,"1,800.00",8.69,,96,HLICF,-,8.7,8.95,8.47,8.55,8.55,0,0,8.61,"1,800.00",8.69,"15,496.00",9,-0.14,0.48,-1.61,5.67,-0.69,9.14,0,10.55,8.25,
,,97,HPPL,383,-5,-1.29,388,388,377,"172,178.00",388,,97,HPPL,-,388,388,377,383,383,0,0,380.01,"172,178.00",388,"65,429,662.70",403,-5,11,-1.29,2.92,0.78,405.07,429.62,605,340.1,
,,98,HRL,603,6,1.01,597,604,590,"69,303.00",597,,98,HRL,-,597,604,590,603,603,0,0,595.7,"69,303.00",597,"41,283,664.09",612,6,14,1.01,2.37,1.21,711.17,752.06,"1,139.90",545,
,,99,HURJA,236.1,4.1,1.77,230.5,238,230.1,"30,589.00",232,,99,HURJA,-,230.5,238,230.1,236.1,236.1,0,0,234.6,"30,589.00",232,"7,176,218.80",118,4.1,7.9,1.77,3.43,0.63,258.27,247.38,312.1,204.6,
,,100,ICFC,613,0,0,610.1,614.1,607,"3,306.00",613,,100,ICFC,-,610.1,614.1,607,613,613,0,0,609.59,"3,306.00",613,"2,015,303.00",31,0,7.1,0,1.17,0.56,635.42,637.57,715,580,
,,101,ICFCD89,"1,093.20",0.9,0.08,"1,092.30","1,093.20","1,091.10",60,"1,092.30",,101,ICFCD89,-,"1,092.30","1,093.20","1,091.10","1,093.20","1,093.20",0,0,"1,092.18",60,"1,092.30","65,530.50",4,0.9,2.1,0.08,0.19,0.09,0,0,"1,140.00","1,020.00",
,,102,IGI,437.5,0.5,0.11,432.3,440,432,"10,048.00",437,,102,IGI,-,432.3,440,432,437.5,437.5,0,0,435.74,"10,048.00",437,"4,378,277.40",40,0.5,8,0.11,1.85,0.4,441.41,434.81,577,392,
,,103,IHL,350,2.9,0.84,350,352.8,347.6,"2,315.00",347.1,,103,IHL,-,350,352.8,347.6,350,350,0,0,349.73,"2,315.00",347.1,"809,626.40",35,2.9,5.2,0.84,1.5,0.08,442.28,479.95,638,329,
,,104,ILBS,883.8,-0.1,-0.01,850,955,850,"3,205.00",883.9,,104,ILBS,-,850,955,850,883.8,883.8,0,0,870.46,"3,205.00",883.9,"2,789,839.00",34,-0.1,105,-0.01,12.35,1.51,937.63,978.39,"1,311.00",815,
,,105,ILBSP,470.5,0,0,470.5,470.5,470.5,750,470.5,,105,ILBSP,-,470.5,470.5,470.5,470.5,470.5,0,0,470.5,750,470.5,"352,875.00",1,0,0,0,0,0,0,0,624,470.5,
,,106,ILI,418,-2,-0.48,420,420,415.1,"4,115.00",420,,106,ILI,-,420,420,415.1,418,418,0,0,416.37,"4,115.00",420,"1,713,380.50",123,-2,4.9,-0.48,1.18,0.39,437.2,442.91,489.6,399,
,,107,JBBL,347.1,1.6,0.46,344,348,343,"23,080.00",345.5,,107,JBBL,-,344,348,343,347.1,347.1,0,0,346.5,"23,080.00",345.5,"7,997,315.20",85,1.6,5,0.46,1.46,0.17,353.69,344.86,395,295,
,,108,JBLB,"1,282.00",26.9,2.14,"1,246.00","1,283.80","1,246.00","1,652.00","1,255.10",,108,JBLB,-,"1,246.00","1,283.80","1,246.00","1,282.00","1,282.00",0,0,"1,260.67","1,652.00","1,255.10","2,082,631.50",68,26.9,37.8,2.14,3.03,1.66,"1,300.11","1,344.65","1,644.00","1,219.90",
,,109,JFL,394,1,0.25,393,394,390,"3,470.00",393,,109,JFL,-,393,394,390,394,394,0,0,391.71,"3,470.00",393,"1,359,243.00",30,1,4,0.25,1.03,0.58,417.46,421.73,535,375,
,,110,JHAPA,"1,138.00",19,1.7,"1,111.00","1,138.00","1,101.10","7,234.00","1,119.00",,110,JHAPA,-,"1,111.00","1,138.00","1,101.10","1,138.00","1,138.00",0,0,"1,119.31","7,234.00","1,119.00","8,097,109.00",92,19,36.9,1.7,3.35,1.64,"1,387.18",0,"1,929.00",293.4,
,,111,JOSHI,283,18,6.79,262.6,285,262.5,"94,932.00",265,,111,JOSHI,-,262.6,285,262.5,283,283,0,0,275.68,"94,932.00",265,"26,170,961.20",426,18,22.5,6.79,8.57,2.59,285.7,292.68,388.6,246,
,,112,KAHL,544,8,1.49,534,550,521.1,"37,097.00",536,,112,KAHL,-,534,550,521.1,544,544,0,0,537.71,"37,097.00",536,"19,947,535.80","1,569",8,28.9,1.49,5.55,1.16,0,0,613,295.4,
,,113,KBL,225,3,1.35,223.9,225.4,219,"282,557.00",222,,113,KBL,-,223.9,225.4,219,225,225,0,0,222.62,"282,557.00",222,"62,904,226.30",665,3,6.4,1.35,2.92,1.06,213.93,203.43,256,175.5,
,,114,KBSH,956,25,2.69,905.1,974,905.1,"23,851.00",931,,114,KBSH,-,905.1,974,905.1,956,956,0,0,944.26,"23,851.00",931,"22,521,524.80",294,25,68.9,2.69,7.61,1.23,"1,526.96","1,605.52","2,110.00",888.7,
,,115,KDBY,11.1,0,0,10.81,11.3,10.81,"9,500.00",11.1,,115,KDBY,-,10.81,11.3,10.81,11.1,11.1,0,0,11.19,"9,500.00",11.1,"106,267.00",19,0,0.49,0,4.53,-0.77,10.93,10.42,12.54,8.67,
,,116,KDL,785,15,1.95,765.2,785,765.2,"2,819.00",770,,116,KDL,-,765.2,785,765.2,785,785,0,0,779.61,"2,819.00",770,"2,197,717.90",35,15,19.8,1.95,2.59,0.69,845.11,851.14,"1,185.00",730,
,,117,KEF,10.3,0.02,0.19,10.47,10.47,10.26,"21,200.00",10.28,,117,KEF,-,10.47,10.47,10.26,10.3,10.3,0,0,10.46,"21,200.00",10.28,"221,720.00",5,0.02,0.21,0.19,2.05,-1.54,10.32,9.92,11.3,8.31,
,,118,KHPL,870,-32,-3.55,890,890,849,"51,259.00",902,,118,KHPL,-,890,890,849,870,870,0,0,863.7,"51,259.00",902,"44,272,239.50",560,-32,41,-3.55,4.83,0.72,0,0,"1,324.80",300,
,,119,KKHC,291.4,-4.6,-1.55,295.1,298,290.8,"133,825.00",296,,119,KKHC,-,295.1,298,290.8,291.4,291.4,0,0,292.86,"133,825.00",296,"39,192,120.90",381,-4.6,7.2,-1.55,2.48,-0.5,270.02,258.81,340.5,208,
,,120,KMCDB,766.4,-13.1,-1.68,779,787,760.3,"2,071.00",779.5,,120,KMCDB,-,779,787,760.3,766.4,766.4,0,0,775.16,"2,071.00",779.5,"1,605,359.20",22,-13.1,26.7,-1.68,3.51,-1.14,880.76,928.83,"1,189.30",735,
,,121,KPCL,475,2,0.42,466,475,465.4,"2,716.00",473,,121,KPCL,-,466,475,465.4,475,475,0,0,469.65,"2,716.00",473,"1,275,556.50",42,2,9.6,0.42,2.06,1.13,502.43,519.22,658,450,
,,122,KSBBL,478,-1,-0.21,475.1,485,472.1,"18,173.00",479,,122,KSBBL,-,475.1,485,472.1,478,478,0,0,476.65,"18,173.00",479,"8,662,239.30",85,-1,12.9,-0.21,2.73,0.28,479.21,466.02,560,404.1,
,,123,KSY,9.79,-0.11,-1.11,9.61,9.79,9.5,"3,382.00",9.9,,123,KSY,-,9.61,9.79,9.5,9.79,9.79,0,0,9.68,"3,382.00",9.9,"32,750.05",9,-0.11,0.29,-1.11,3.05,1.09,9.67,9.42,10.28,8.21,
,,124,LBBL,496,5.8,1.18,488,496,487,"20,417.00",490.2,,124,LBBL,-,488,496,487,496,496,0,0,493.34,"20,417.00",490.2,"10,072,529.10",86,5.8,9,1.18,1.85,0.54,490.12,483.82,638,433,
,,125,LEC,225.9,1.1,0.49,224,227.1,221.2,"78,017.00",224.8,,125,LEC,-,224,227.1,221.2,225.9,225.9,0,0,224.67,"78,017.00",224.8,"17,527,836.00",200,1.1,5.9,0.49,2.67,0.55,226.94,217.65,276,180,
,,126,LICN,787.9,-0.1,-0.01,793,793,781,"4,020.00",788,,126,LICN,-,793,793,781,787.9,787.9,0,0,783.52,"4,020.00",788,"3,149,766.50",38,-0.1,12,-0.01,1.54,0.56,821.85,841.6,969,763,
,,127,LLBS,895,-3,-0.33,880,900,874,767,898,,127,LLBS,-,880,900,874,895,895,0,0,886.83,767,898,"680,202.00",18,-3,26,-0.33,2.97,0.91,958.73,964.24,"1,206.00",819.4,
,,128,LSL,228.4,1.6,0.71,228.5,228.5,224,"104,988.00",226.8,,128,LSL,-,228.5,228.5,224,228.4,228.4,0,0,226.24,"104,988.00",226.8,"23,752,865.90",175,1.6,4.5,0.71,2.01,0.94,218.76,219.98,250,203,
,,129,LUK,10.2,-0.26,-2.49,10.15,10.2,10.15,"2,300.00",10.46,,129,LUK,-,10.15,10.2,10.15,10.2,10.2,0,0,10.17,"2,300.00",10.46,"23,395.00",3,-0.26,0.05,-2.49,0.49,0.28,10.01,9.79,11.97,8.97,
,,130,LVF2,9.86,0.73,8,9.04,9.86,9.04,"4,250.00",9.13,,130,LVF2,-,9.04,9.86,9.04,9.86,9.86,0,0,9.29,"4,250.00",9.13,"39,475.00",8,0.73,0.82,8,9.07,5.8,9.81,9.62,11.2,8.76,
,,131,MABEL,603,7.5,1.26,583.1,606.9,583.1,"5,395.00",595.5,,131,MABEL,-,583.1,606.9,583.1,603,603,0,0,596.77,"5,395.00",595.5,"3,219,559.90",90,7.5,23.8,1.26,4.08,1.03,698.66,0,927,317.7,
,,132,MAKAR,440,2.1,0.48,438,440,433.1,"7,472.00",437.9,,132,MAKAR,-,438,440,433.1,440,440,0,0,436.28,"7,472.00",437.9,"3,259,852.20",66,2.1,6.9,0.48,1.59,0.85,504.35,521.52,670,427.5,
,,133,MANDU,815,-1,-0.12,825,825,806.2,"6,953.00",816,,133,MANDU,-,825,825,806.2,815,815,0,0,816.98,"6,953.00",816,"5,680,495.00",35,-1,18.8,-0.12,2.33,-0.24,821.18,815.4,926,766,
,,134,MATRI,830,0.1,0.01,810.2,834.5,810.2,326,829.9,,134,MATRI,-,810.2,834.5,810.2,830,830,0,0,822.29,326,829.9,"268,065.50",13,0.1,24.3,0.01,3,0.93,917.19,938.18,"1,225.00",786.3,
,,135,MBJC,267,0.5,0.19,264.2,270.1,264.2,"19,940.00",266.5,,135,MBJC,-,264.2,270.1,264.2,267,267,0,0,268.11,"19,940.00",266.5,"5,346,106.90",169,0.5,5.9,0.19,2.23,-0.42,288.09,286.57,333,261.1,
,,136,MBL,259.2,2.2,0.86,257.9,259.9,254,"54,081.00",257,,136,MBL,-,257.9,259.9,254,259.2,259.2,0,0,257.51,"54,081.00",257,"13,926,580.80",149,2.2,5.9,0.86,2.32,0.65,247.27,238.02,284,205,
,,137,MBLEF,10.1,0,0,9.9,10.1,9.9,600,10.1,,137,MBLEF,-,9.9,10.1,9.9,10.1,10.1,0,0,10.07,600,10.1,"6,040.00",3,0,0.2,0,2.02,0.33,10.13,9.84,10.8,8.63,
,,138,MCHL,283.8,1.8,0.64,280,285.8,280,"1,507.00",282,,138,MCHL,-,280,285.8,280,283.8,283.8,0,0,283.57,"1,507.00",282,"427,346.10",27,1.8,5.8,0.64,2.07,0.08,352.47,390.19,566.1,262,
,,139,MDB,586,2,0.34,580,589.9,580,"4,205.00",584,,139,MDB,-,580,589.9,580,586,586,0,0,584.9,"4,205.00",584,"2,459,485.50",33,2,9.9,0.34,1.71,0.19,612.02,603.29,705.8,530.5,
,,140,MEHL,302,-4,-1.31,301,305.8,295.1,"2,369.00",306,,140,MEHL,-,301,305.8,295.1,302,302,0,0,300.91,"2,369.00",306,"712,848.00",41,-4,10.7,-1.31,3.63,0.36,394.53,407.82,519,290,
,,141,MEL,218.9,1.9,0.88,213.1,219,213.1,"5,108.00",217,,141,MEL,-,213.1,219,213.1,218.9,218.9,0,0,217.2,"5,108.00",217,"1,109,442.70",96,1.9,5.9,0.88,2.77,0.78,255.25,263.35,328,203.8,
,,142,MEN,595.5,-0.3,-0.05,594.9,595.7,586.1,"38,358.00",595.8,,142,MEN,-,594.9,595.7,586.1,595.5,595.5,0,0,593.18,"38,358.00",595.8,"22,753,171.00",184,-0.3,9.6,-0.05,1.64,0.39,594.35,596.5,683.4,535,
,,143,MERO,671.2,-5.8,-0.86,670,680,665,"4,523.00",677,,143,MERO,-,670,680,665,671.2,671.2,0,0,675.08,"4,523.00",677,"3,053,370.60",34,-5.8,15,-0.86,2.26,-0.58,724.67,735.09,951,655,
,,144,MFIL,788,0,0,760,790,760,"24,102.00",788,,144,MFIL,-,760,790,760,788,788,0,0,781.79,"24,102.00",788,"18,842,822.00",98,0,30,0,3.95,0.79,799.02,757.17,938,545,
,,145,MHCL,317.9,2.7,0.86,316,322.9,313.3,"3,275.00",315.2,,145,MHCL,-,316,322.9,313.3,317.9,317.9,0,0,314.75,"3,275.00",315.2,"1,030,798.00",39,2.7,9.6,0.86,3.06,0.99,354.68,368.45,489,301,
,,146,MHL,477.8,7.8,1.66,480,480,463,349,470,,146,MHL,-,480,480,463,477.8,477.8,0,0,472.03,349,470,"164,739.00",22,7.8,17,1.66,3.67,1.21,506.15,501.19,621,445,
,,147,MHNL,242,-3,-1.22,248,248,235.6,"14,192.00",245,,147,MHNL,-,248,248,235.6,242,242,0,0,241.07,"14,192.00",245,"3,421,199.80",71,-3,12.4,-1.22,5.26,0.39,265.98,260.67,324,223,
,,148,MKCL,"1,120.00",0,0,"1,100.00","1,124.00","1,100.00","2,255.00","1,120.00",,148,MKCL,-,"1,100.00","1,124.00","1,100.00","1,120.00","1,120.00",0,0,"1,111.56","2,255.00","1,120.00","2,506,565.30",42,0,24,0,2.18,0.75,"1,278.16","1,318.24","1,845.00","1,043.00",
,,149,MKHC,285,0,0,275,292.4,275,"8,370.00",285,,149,MKHC,-,275,292.4,275,285,285,0,0,285.73,"8,370.00",285,"2,391,530.00",59,0,17.4,0,6.33,-0.25,322.31,338.46,483,275,
,,150,MKHL,504,-6,-1.18,497,510,497,"2,237.00",510,,150,MKHL,-,497,510,497,504,504,0,0,501.97,"2,237.00",510,"1,122,907.10",45,-6,13,-1.18,2.62,0.4,635.73,689.74,943,457,
,,151,MKJC,462.6,-5.4,-1.15,456,468.9,454,"6,682.00",468,,151,MKJC,-,456,468.9,454,462.6,462.6,0,0,458,"6,682.00",468,"3,060,335.50",31,-5.4,14.9,-1.15,3.28,1,502.74,513.66,635,434.1,
,,152,MLBBL,"1,142.00",8,0.71,"1,118.00","1,145.00","1,117.00","1,210.00","1,134.00",,152,MLBBL,-,"1,118.00","1,145.00","1,117.00","1,142.00","1,142.00",0,0,"1,136.23","1,210.00","1,134.00","1,374,839.00",25,8,28,0.71,2.51,0.51,"1,244.49","1,314.43","1,683.00","1,076.70",
,,153,MLBL,357,4.1,1.16,352.9,359,350.4,"10,082.00",352.9,,153,MLBL,-,352.9,359,350.4,357,357,0,0,354.18,"10,082.00",352.9,"3,570,827.70",64,4.1,8.6,1.16,2.45,0.79,368.87,371.77,440,340.1,
,,154,MLBS,"1,159.00",1,0.09,"1,126.30","1,159.00","1,126.10",362,"1,158.00",,154,MLBS,-,"1,126.30","1,159.00","1,126.10","1,159.00","1,159.00",0,0,"1,127.29",362,"1,158.00","408,077.20",8,1,32.9,0.09,2.92,2.74,"1,320.11","1,380.81","1,796.90","1,113.00",
,,155,MLBSL,"1,653.00",-37,-2.19,"1,675.00","1,675.00","1,630.00","3,046.00","1,690.00",,155,MLBSL,-,"1,675.00","1,675.00","1,630.00","1,653.00","1,653.00",0,0,"1,638.71","3,046.00","1,690.00","4,991,496.00",84,-37,45,-2.19,2.76,0.86,"1,819.33","1,874.57","2,369.00","1,630.00",
,,156,MMF1,9.15,0.15,1.67,8.74,9.15,8.74,"32,800.00",9,,156,MMF1,-,8.74,9.15,8.74,9.15,9.15,0,0,9.02,"32,800.00",9,"295,983.00",11,0.15,0.41,1.67,4.69,1.38,9.51,9.22,10.16,8.22,
,,157,MMKJL,484,-1,-0.21,471.5,485,471,"2,134.00",485,,157,MMKJL,-,471.5,485,471,484,484,0,0,481.61,"2,134.00",485,"1,027,746.50",48,-1,14,-0.21,2.97,0.49,522.63,549.36,699.9,429.1,
,,158,MNBBL,370.7,0.7,0.19,371.8,372.9,368,"29,292.00",370,,158,MNBBL,-,371.8,372.9,368,370.7,370.7,0,0,371.58,"29,292.00",370,"10,884,406.70",116,0.7,4.9,0.19,1.33,-0.24,373.27,367.16,480,340.1,
,,159,MNMF1,9.6,0.02,0.21,9.51,9.77,9.51,"1,050.00",9.58,,159,MNMF1,-,9.51,9.77,9.51,9.6,9.6,0,0,9.68,"1,050.00",9.58,"10,162.50",5,0.02,0.26,0.21,2.73,-0.82,9.82,9.55,10.4,8.53,
,,160,MPFL,619.7,1.4,0.23,607,619.7,607,"3,811.00",618.3,,160,MPFL,-,607,619.7,607,619.7,619.7,0,0,617.19,"3,811.00",618.3,"2,352,124.40",46,1.4,12.7,0.23,2.09,0.4,634.78,616.35,744,491,
,,161,MSHL,620.5,18,2.99,604,620.5,604,373,602.5,,161,MSHL,-,604,620.5,604,620.5,620.5,0,0,612.45,373,602.5,"228,444.00",23,18,16.5,2.99,2.73,1.3,719.66,772.87,955,576,
,,162,MSLB,"1,229.00",9,0.74,"1,200.00","1,229.00","1,190.00",431,"1,220.00",,162,MSLB,-,"1,200.00","1,229.00","1,190.00","1,229.00","1,229.00",0,0,"1,202.49",431,"1,220.00","518,275.00",16,9,39,0.74,3.28,2.16,"1,276.03","1,309.69","1,710.00","1,089.90",
,,163,NABBC,785.2,5,0.64,790,790,775,"2,623.00",780.2,,163,NABBC,-,790,790,775,785.2,785.2,0,0,787.06,"2,623.00",780.2,"2,064,454.80",28,5,15,0.64,1.94,-0.24,"1,122.42","1,112.06","1,835.00",662,
,,164,NABIL,556,1.5,0.27,554.5,558.6,550,"45,634.00",554.5,,164,NABIL,-,554.5,558.6,550,556,556,0,0,555.46,"45,634.00",554.5,"25,347,989.10",389,1.5,8.6,0.27,1.56,0.1,526.08,517.74,568,471,
,,165,NABILD2089,"1,056.00",0,0,"1,056.00","1,056.00","1,056.00",25,"1,056.00",,165,NABILD2089,-,"1,056.00","1,056.00","1,056.00","1,056.00","1,056.00",0,0,"1,056.00",25,"1,056.00","26,400.00",1,0,0,0,0,0,"1,081.60",0,"1,154.00","1,000.00",
,,166,NADEP,727,-14,-1.89,749,749,726.6,277,741,,166,NADEP,-,749,749,726.6,727,727,0,0,735.83,277,741,"203,824.20",9,-14,22.4,-1.89,3.08,-1.21,763.1,770.65,998,696,
,,167,NBF3,9.88,0.03,0.3,9.75,9.88,9.6,"2,800.00",9.85,,167,NBF3,-,9.75,9.88,9.6,9.88,9.88,0,0,9.82,"2,800.00",9.85,"27,498.00",5,0.03,0.28,0.3,2.92,0.6,9.87,9.61,10.67,8.35,
,,168,NBL,270.3,0.3,0.11,266,272,265.6,"38,421.00",270,,168,NBL,-,266,272,265.6,270.3,270.3,0,0,268.89,"38,421.00",270,"10,331,135.30",157,0.3,6.4,0.11,2.41,0.52,265.1,257.64,302.9,225.4,
,,169,NESDO,"1,495.00",0,0,"1,454.00","1,495.00","1,454.00",436,"1,495.00",,169,NESDO,-,"1,454.00","1,495.00","1,454.00","1,495.00","1,495.00",0,0,"1,473.91",436,"1,495.00","642,623.00",18,0,41,0,2.82,1.41,"1,545.61","1,533.52","1,840.00","1,380.10",
,,170,NFS,576,1,0.17,582,582,572,"2,941.00",575,,170,NFS,-,582,582,572,576,576,0,0,574.47,"2,941.00",575,"1,689,507.00",39,1,10,0.17,1.75,0.27,607.74,619.49,851,550,
,,171,NGPL,408.1,0.2,0.05,425,425,403.5,"148,643.00",407.9,,171,NGPL,-,425,425,403.5,408.1,408.1,0,0,407.42,"148,643.00",407.9,"60,559,664.40",333,0.2,21.5,0.05,5.33,0.17,436.9,422.44,502,343,
,,172,NHDL,647,17,2.7,630,647,630,"5,442.00",630,,172,NHDL,-,630,647,630,647,647,0,0,636.65,"5,442.00",630,"3,464,623.00",26,17,17,2.7,2.7,1.6,645.56,660.9,796,606.3,
,,173,NHPC,269.4,4.4,1.66,260,271.8,260,"164,645.00",265,,173,NHPC,-,260,271.8,260,269.4,269.4,0,0,267.89,"164,645.00",265,"44,107,410.00",513,4.4,11.8,1.66,4.54,0.56,272.69,245.99,340,178.6,
,,174,NIBD84,"1,050.00",8,0.77,"1,050.00","1,050.00","1,050.00",75,"1,042.00",,174,NIBD84,-,"1,050.00","1,050.00","1,050.00","1,050.00","1,050.00",0,0,"1,050.00",75,"1,042.00","78,750.00",1,8,0,0.77,0,0,"1,055.35","1,050.63","1,130.00","1,013.70",
,,175,NIBLGF,9.6,0.6,6.67,9.03,9.6,9.03,"12,500.00",9,,175,NIBLGF,-,9.03,9.6,9.03,9.6,9.6,0,0,9.41,"12,500.00",9,"117,603.00",13,0.6,0.57,6.67,6.31,2,9.51,9.22,11.81,8.24,
,,176,NIBLSTF,8.62,-0.15,-1.71,8.89,8.89,8.62,"4,373.00",8.77,,176,NIBLSTF,-,8.89,8.89,8.62,8.62,8.62,0,0,8.85,"4,373.00",8.77,"38,708.24",6,-0.15,0.27,-1.71,3.13,-2.69,9.2,8.97,10.85,8.02,
,,177,NIBSF2,8.8,0,0,9,9,8.8,"8,910.00",8.8,,177,NIBSF2,-,9,9,8.8,8.8,8.8,0,0,8.91,"8,910.00",8.8,"79,415.00",7,0,0.2,0,2.27,-1.28,9.26,9,11.13,8.1,
,,178,NICA,336.1,-3.8,-1.12,335,340,335,"26,479.00",339.9,,178,NICA,-,335,340,335,336.1,336.1,0,0,337.35,"26,479.00",339.9,"8,932,741.30",151,-3.8,5,-1.12,1.49,-0.37,347.61,340.4,411,304.5,
,,179,NICAD2091,"1,044.10",-4,-0.38,"1,044.10","1,044.10","1,044.10",25,"1,048.10",,179,NICAD2091,-,"1,044.10","1,044.10","1,044.10","1,044.10","1,044.10",0,0,"1,044.10",25,"1,048.10","26,102.50",1,-4,0,-0.38,0,0,"1,064.83",0,"1,106.00","1,005.20",
,,180,NICBF,9.5,0.16,1.71,9.5,9.5,9.5,"1,400.00",9.34,,180,NICBF,-,9.5,9.5,9.5,9.5,9.5,0,0,9.5,"1,400.00",9.34,"13,300.00",2,0.16,0,1.71,0,0,9.46,9.32,11.2,8.45,
,,181,NICD88,"1,100.00",0,0,"1,100.00","1,100.00","1,100.00",25,"1,100.00",,181,NICD88,-,"1,100.00","1,100.00","1,100.00","1,100.00","1,100.00",0,0,"1,100.00",25,"1,100.00","27,500.00",1,0,0,0,0,0,"1,074.92","1,062.51","1,153.00","1,019.20",
,,182,NICFC,9.1,-0.18,-1.94,9.3,9.3,9.03,"1,850.00",9.28,,182,NICFC,-,9.3,9.3,9.03,9.1,9.1,0,0,9.11,"1,850.00",9.28,"16,845.50",9,-0.18,0.27,-1.94,2.99,-0.06,9.35,9.19,10.4,8.37,
,,183,NICGF2,9.04,-0.16,-1.74,9,9.04,9,600,9.2,,183,NICGF2,-,9,9.04,9,9.04,9.04,0,0,9.03,600,9.2,"5,420.00",4,-0.16,0.04,-1.74,0.44,0.07,9.41,9.23,10.13,8.33,
,,184,NICL,507,2,0.4,500.1,508,500,"8,107.00",505,,184,NICL,-,500.1,508,500,507,507,0,0,502.55,"8,107.00",505,"4,074,211.10",73,2,8,0.4,1.6,0.88,511.08,512.25,671,475,
,,185,NICLBSL,558,6,1.09,546,561,545.3,"5,387.00",552,,185,NICLBSL,-,546,561,545.3,558,558,0,0,551.91,"5,387.00",552,"2,973,157.90",55,6,15.7,1.09,2.88,1.09,576.21,571.48,728.2,527,
,,186,NICSF,9,0.2,2.27,8.97,9,8.77,"4,420.00",8.8,,186,NICSF,-,8.97,9,8.77,9,9,0,0,8.93,"4,420.00",8.8,"39,463.40",7,0.2,0.23,2.27,2.62,0.8,9.28,9.06,9.99,8.04,
,,187,NIFRA,249.1,1.1,0.44,246.2,249.9,246.2,"43,724.00",248,,187,NIFRA,-,246.2,249.9,246.2,249.1,249.1,0,0,248.69,"43,724.00",248,"10,873,701.80",276,1.1,3.7,0.44,1.5,0.16,263.23,265.2,308,240,
,,188,NIL,620,1.9,0.31,618.1,624,618,"1,668.00",618.1,,188,NIL,-,618.1,624,618,620,620,0,0,619.19,"1,668.00",618.1,"1,032,801.90",43,1.9,6,0.31,0.97,0.13,629.32,622.92,755,562,
,,189,NIMB,199.7,0.7,0.35,189.1,201,189.1,"140,620.00",199,,189,NIMB,-,189.1,201,189.1,199.7,199.7,0,0,199.08,"140,620.00",199,"27,994,962.70",379,0.7,11.9,0.35,6.29,0.31,199.86,198.1,241,184,
,,190,NIMBD90,"1,266.00",-0.2,-0.02,"1,266.00","1,266.00","1,266.00",55,"1,266.20",,190,NIMBD90,-,"1,266.00","1,266.00","1,266.00","1,266.00","1,266.00",0,0,"1,266.00",55,"1,266.20","69,630.00",3,-0.2,0,-0.02,0,0,"1,221.69","1,194.12","1,425.00","1,140.00",
,,191,NIMBPO,147,3.2,2.23,144,147.9,143.7,"25,555.00",143.8,,191,NIMBPO,-,144,147.9,143.7,147,147,0,0,144.36,"25,555.00",143.8,"3,689,189.50",10,3.2,4.2,2.23,2.92,1.79,153.29,155.19,178.5,139,
,,192,NLG,584,0,0,571.1,585,570,"11,493.00",584,,192,NLG,-,571.1,585,570,584,584,0,0,571.66,"11,493.00",584,"6,570,093.00",52,0,15,0,2.63,2.11,627.31,650.25,897.9,546,
,,193,NLIC,759.8,7.8,1.04,754,759.9,747,"11,910.00",752,,193,NLIC,-,754,759.9,747,759.8,759.8,0,0,750.7,"11,910.00",752,"8,940,815.10",117,7.8,12.9,1.04,1.73,1.2,769.62,780.61,872,702,
,,194,NLICL,560.1,-9.9,-1.74,587,587,560.1,"52,877.00",570,,194,NLICL,-,587,587,560.1,560.1,560.1,0,0,568.29,"52,877.00",570,"30,049,652.10",141,-9.9,26.9,-1.74,4.8,-1.46,587.47,593.25,661,539,
,,195,NMB,249.9,1.3,0.52,250,250,245.1,"31,804.00",248.6,,195,NMB,-,250,250,245.1,249.9,249.9,0,0,248.35,"31,804.00",248.6,"7,898,569.70",126,1.3,4.9,0.52,2,0.62,244.26,243.87,283,230,
,,196,NMB50,10.39,-0.3,-2.81,10.69,10.69,10.39,"7,385.00",10.69,,196,NMB50,-,10.69,10.69,10.39,10.39,10.39,0,0,10.45,"7,385.00",10.69,"77,148.65",3,-0.3,0.3,-2.81,2.89,-0.55,10.49,10.38,11.93,9.75,
,,197,NMBHF2,9.59,-0.16,-1.64,9.58,9.76,9.58,"8,121.00",9.75,,197,NMBHF2,-,9.58,9.76,9.58,9.59,9.59,0,0,9.73,"8,121.00",9.75,"79,019.96",13,-0.16,0.18,-1.64,1.88,-1.46,9.68,9.48,10.2,8.57,
,,198,NMBMF,616,-11.9,-1.9,610.2,623.9,610.1,430,627.9,,198,NMBMF,-,610.2,623.9,610.1,616,616,0,0,614.49,430,627.9,"264,232.00",8,-11.9,13.8,-1.9,2.26,0.24,650.64,662.92,797,582,
,,199,NMFBS,"1,120.00",4,0.36,"1,116.00","1,125.00","1,111.10","2,463.00","1,116.00",,199,NMFBS,-,"1,116.00","1,125.00","1,111.10","1,120.00","1,120.00",0,0,"1,119.22","2,463.00","1,116.00","2,756,646.20",33,4,13.9,0.36,1.25,0.07,"1,132.51","1,172.28","1,432.00","1,051.90",
,,200,NMIC,925,3,0.33,915.1,937,913.1,874,922,,200,NMIC,-,915.1,937,913.1,925,925,0,0,921.96,874,922,"805,796.30",40,3,23.9,0.33,2.62,0.33,"1,122.64","1,178.22","1,669.00",860,
,,201,NMLBBL,522,2,0.38,530,530,516,"6,495.00",520,,201,NMLBBL,-,530,530,516,522,522,0,0,519.25,"6,495.00",520,"3,372,539.30",60,2,14,0.38,2.71,0.53,599.16,614.95,771.6,496.1,
,,202,NRIC,970,25,2.65,950,"1,030.00",930,"41,920.00",945,,202,NRIC,-,950,"1,030.00",930,970,970,0,0,957.64,"41,920.00",945,"40,144,457.30",284,25,100,2.65,10.75,1.27,"1,051.76","1,137.20","1,842.00",865,
,,203,NRM,315,2,0.64,304,319,303.8,"2,868.00",313,,203,NRM,-,304,319,303.8,315,315,0,0,314.22,"2,868.00",313,"901,175.90",67,2,15.2,0.64,5,0.25,383.84,398.6,590,295.1,
,,204,NRN,"1,420.00",18,1.28,"1,400.00","1,421.00","1,388.00","55,080.00","1,402.00",,204,NRN,-,"1,400.00","1,421.00","1,388.00","1,420.00","1,420.00",0,0,"1,406.28","55,080.00","1,402.00","77,458,096.10",294,18,33,1.28,2.38,0.97,"1,474.52","1,526.39","2,366.00","1,280.00",
,,205,NSIF2,10.66,0,0,10.66,10.66,10.66,500,10.66,,205,NSIF2,-,10.66,10.66,10.66,10.66,10.66,0,0,10.66,500,10.66,"5,330.00",3,0,0,0,0,0,10.75,10.58,11.85,9.75,
,,206,NSY,9.45,0.15,1.61,9.3,9.5,9.1,"2,700.00",9.3,,206,NSY,-,9.3,9.5,9.1,9.45,9.45,0,0,9.23,"2,700.00",9.3,"24,928.00",17,0.15,0.4,1.61,4.4,2.3,0,0,10.19,9,
,,207,NTC,861,-4,-0.46,850,870,850,"6,077.00",865,,207,NTC,-,850,870,850,861,861,0,0,865.95,"6,077.00",865,"5,262,367.30",131,-4,20,-0.46,2.35,-0.57,867.15,867.65,942.5,762.5,
,,208,NUBL,610,-1,-0.16,609,618.9,601.1,"2,862.00",611,,208,NUBL,-,609,618.9,601.1,610,610,0,0,610.23,"2,862.00",611,"1,746,483.50",30,-1,17.8,-0.16,2.96,-0.04,669.38,692.48,815,582.2,
,,209,NWCL,714.3,2.3,0.32,692.1,715,692.1,"2,000.00",712,,209,NWCL,-,692.1,715,692.1,714.3,714.3,0,0,700.56,"2,000.00",712,"1,401,121.00",47,2.3,22.9,0.32,3.31,1.92,810.06,815.54,"1,045.00",691,
,,210,NYADI,370,5,1.37,360.1,370.9,360.1,"1,567.00",365,,210,NYADI,-,360.1,370.9,360.1,370,370,0,0,368.86,"1,567.00",365,"578,005.60",32,5,10.8,1.37,3,0.31,397.5,396.94,482,341,
,,211,OHL,678,3,0.44,675,679,665,"2,137.00",675,,211,OHL,-,675,679,665,678,678,0,0,667.57,"2,137.00",675,"1,426,586.60",20,3,14,0.44,2.11,1.54,704.25,705.08,916,633.1,
,,212,OMPL,940,6,0.64,916,944,900,"3,207.00",934,,212,OMPL,-,916,944,900,940,940,0,0,919.87,"3,207.00",934,"2,950,029.30",82,6,44,0.64,4.89,2.14,"1,178.09","1,205.23","1,575.90",848,
,,213,PBD84,"1,067.00",-33,-3,"1,067.00","1,067.00","1,067.00",100,"1,100.00",,213,PBD84,-,"1,067.00","1,067.00","1,067.00","1,067.00","1,067.00",0,0,"1,067.00",100,"1,100.00","106,700.00",1,-33,0,-3,0,0,"1,103.38","1,090.27","1,182.00","1,067.00",
,,214,PBD88,"1,156.00",-25,-2.12,"1,156.10","1,156.10","1,156.10",30,"1,181.00",,214,PBD88,-,"1,156.10","1,156.10","1,156.10","1,156.00","1,156.00",0,0,"1,156.09",30,"1,181.00","34,682.60",2,-25,0,-2.12,0,-0.01,"1,212.89","1,198.13","1,284.00","1,099.70",
,,215,PCBL,247,5.5,2.28,240.1,247,240.1,"100,424.00",241.5,,215,PCBL,-,240.1,247,240.1,247,247,0,0,244.55,"100,424.00",241.5,"24,559,123.00",239,5.5,6.9,2.28,2.87,0.99,241.07,243.03,275.9,225,
,,216,PCIL,654,4.5,0.69,630,660,630,"32,107.00",649.5,,216,PCIL,-,630,660,630,654,654,0,0,649.42,"32,107.00",649.5,"20,850,786.50",658,4.5,30,0.69,4.76,0.7,0,0,"1,280.00",300,
,,217,PHCL,299.7,-0.3,-0.1,296.7,301,296.6,"39,916.00",300,,217,PHCL,-,296.7,301,296.6,299.7,299.7,0,0,298.67,"39,916.00",300,"11,921,868.70",156,-0.3,4.4,-0.1,1.48,0.34,307.32,304.2,530,249.7,
,,218,PMHPL,315,-5,-1.56,320,320,313.2,"3,683.00",320,,218,PMHPL,-,320,320,313.2,315,315,0,0,315.97,"3,683.00",320,"1,163,709.20",37,-5,6.8,-1.56,2.17,-0.31,345.12,339.13,468,287,
,,219,PMLI,442.2,1.7,0.39,440,448,440,"2,325.00",440.5,,219,PMLI,-,440,448,440,442.2,442.2,0,0,441.63,"2,325.00",440.5,"1,026,782.60",69,1.7,8,0.39,1.82,0.13,475.27,482.54,543.9,424.2,
,,220,PPCL,345.9,7.9,2.34,321.1,346,321.1,"10,871.00",338,,220,PPCL,-,321.1,346,321.1,345.9,345.9,0,0,336.4,"10,871.00",338,"3,657,026.90",65,7.9,24.9,2.34,7.75,2.75,378.73,365.39,462,284.1,
,,221,PPL,326,-2,-0.61,311.6,329,311.6,"25,427.00",328,,221,PPL,-,311.6,329,311.6,326,326,0,0,325.73,"25,427.00",328,"8,282,239.20",145,-2,17.4,-0.61,5.58,0.08,361.32,352.38,425,263.2,
,,222,PRIN,680,1,0.15,671.3,680,671.3,931,679,,222,PRIN,-,671.3,680,671.3,680,680,0,0,675.8,931,679,"629,170.00",24,1,8.7,0.15,1.3,0.62,698.14,692.15,833,630,
,,223,PROFL,433,-1,-0.23,430,436.9,430,"4,539.00",434,,223,PROFL,-,430,436.9,430,433,433,0,0,434.53,"4,539.00",434,"1,972,332.00",24,-1,6.9,-0.23,1.6,-0.35,453.97,457.89,568,415,
,,224,PRSF,12.93,0.16,1.25,12.9,12.93,12.7,"2,340.00",12.77,,224,PRSF,-,12.9,12.93,12.7,12.93,12.93,0,0,12.89,"2,340.00",12.77,"30,163.00",6,0.16,0.23,1.25,1.81,0.31,12.4,11.79,13.61,9.85,
,,225,PRVU,196.5,1.1,0.56,187.7,197.4,187.7,"70,601.00",195.4,,225,PRVU,-,187.7,197.4,187.7,196.5,196.5,0,0,195.43,"70,601.00",195.4,"13,797,552.10",291,1.1,9.7,0.56,5.17,0.54,198.01,194.97,243.8,179.9,
,,226,PSF,11.74,-0.06,-0.51,11.45,11.74,11.45,800,11.8,,226,PSF,-,11.45,11.74,11.45,11.74,11.74,0,0,11.59,800,11.8,"9,273.00",5,-0.06,0.29,-0.51,2.53,1.27,11.87,11.41,13,9.91,
,,227,PURE,863,10.1,1.18,833,863,829,"6,604.00",852.9,,227,PURE,-,833,863,829,863,863,0,0,841.49,"6,604.00",852.9,"5,557,204.30",65,10.1,34,1.18,4.1,2.49,929.51,930.5,"1,262.00",706.2,
,,228,RADHI,729,4.1,0.57,725,729,714,"50,725.00",724.9,,228,RADHI,-,725,729,714,729,729,0,0,718.86,"50,725.00",724.9,"36,464,054.10",107,4.1,15,0.57,2.1,1.39,791.23,780.52,940,618.8,
,,229,RAWA,430,2,0.47,420.1,430,420.1,"9,126.00",428,,229,RAWA,-,420.1,430,420.1,430,430,0,0,427.5,"9,126.00",428,"3,901,384.60",73,2,9.9,0.47,2.36,0.58,599.6,641.21,851.7,399,
,,230,RBBF40,9.03,0.01,0.11,9.29,9.29,9.01,"4,000.00",9.02,,230,RBBF40,-,9.29,9.29,9.01,9.03,9.03,0,0,9.09,"4,000.00",9.02,"36,367.00",11,0.01,0.28,0.11,3.11,-0.68,9.45,0,10.36,8.95,
,,231,RBCL,"14,206.00",-394,-2.7,"14,168.00","14,500.00","14,168.00",60,"14,600.00",,231,RBCL,-,"14,168.00","14,500.00","14,168.00","14,206.00","14,206.00",0,0,"14,338.67",60,"14,600.00","860,320.00",5,-394,332,-2.7,2.34,-0.93,"15,032.16","14,997.61","16,900.00","14,000.00",
,,232,RFPL,335.3,1.8,0.54,330,338,330,"8,669.00",333.5,,232,RFPL,-,330,338,330,335.3,335.3,0,0,334.23,"8,669.00",333.5,"2,897,437.20",81,1.8,8,0.54,2.42,0.32,376.6,374.63,715,306,
,,233,RHGCL,265,0.8,0.3,259,265,259,"10,433.00",264.2,,233,RHGCL,-,259,265,259,265,265,0,0,262.2,"10,433.00",264.2,"2,735,512.30",80,0.8,6,0.3,2.32,1.06,288.2,278.14,353,217.2,
,,234,RHPL,259.9,1.8,0.7,258.5,259.9,255,"17,625.00",258.1,,234,RHPL,-,258.5,259.9,255,259.9,259.9,0,0,257.34,"17,625.00",258.1,"4,535,538.30",101,1.8,4.9,0.7,1.92,0.99,280.31,277.9,369,251.3,
,,235,RIDI,370,7,1.93,345,371,345,"469,740.00",363,,235,RIDI,-,345,371,345,370,370,0,0,367.5,"469,740.00",363,"172,631,722.60",824,7,26,1.93,7.54,0.67,340.87,302.79,393,203.5,
,,236,RLEL,885.7,17.9,2.06,848,890,847.4,"6,130.00",867.8,,236,RLEL,-,848,890,847.4,885.7,885.7,0,0,876.55,"6,130.00",867.8,"5,373,243.80",174,17.9,42.6,2.06,5.03,1.03,0,0,"1,592.30",300,
,,237,RLFL,465,0,0,460,469.5,459,"11,226.00",465,,237,RLFL,-,460,469.5,459,465,465,0,0,461.98,"11,226.00",465,"5,186,167.20",82,0,10.5,0,2.29,0.65,459.54,450.76,548,398,
,,238,RMF1,9.78,0.1,1.03,9.55,9.78,9.55,"13,100.00",9.68,,238,RMF1,-,9.55,9.78,9.55,9.78,9.78,0,0,9.7,"13,100.00",9.68,"127,012.00",12,0.1,0.23,1.03,2.41,0.86,9.78,9.58,11.4,8.65,
,,239,RNLI,444.5,2.6,0.59,440.2,444.8,439.5,"11,354.00",441.9,,239,RNLI,-,440.2,444.8,439.5,444.5,444.5,0,0,441.96,"11,354.00",441.9,"5,017,976.50",231,2.6,5.3,0.59,1.21,0.57,463.91,468.83,520.2,416,
,,240,RSDC,638.2,-1.9,-0.3,642.1,645,638,"4,291.00",640.1,,240,RSDC,-,642.1,645,638,638.2,638.2,0,0,638.76,"4,291.00",640.1,"2,740,902.50",34,-1.9,7,-0.3,1.1,-0.09,669.03,659.15,820,578.7,
,,241,RSML,"2,999.00",-25,-0.83,"3,175.00","3,175.00","2,950.00","38,722.00","3,024.00",,241,RSML,-,"3,175.00","3,175.00","2,950.00","2,999.00","2,999.00",0,0,"2,996.28","38,722.00","3,024.00","116,021,764.90",779,-25,225,-0.83,7.63,0.09,0,0,"5,049.00",300,#REF!
,,242,RSY,10.3,0.05,0.49,10.01,10.3,10.01,900,10.25,,242,RSY,-,10.01,10.3,10.01,10.3,10.3,0,0,10.15,900,10.25,"9,135.00",9,0.05,0.29,0.49,2.9,1.46,10.15,9.85,10.7,8.63,
,,243,RURU,614.1,-0.4,-0.07,614,623.9,614,387,614.5,,243,RURU,-,614,623.9,614,614.1,614.1,0,0,615.89,387,614.5,"238,347.50",12,-0.4,9.9,-0.07,1.61,-0.29,655.31,677.12,830,591,
,,244,SABBL,"1,045.00",-18,-1.69,"1,031.30","1,070.00","1,020.20","22,960.00","1,063.00",,244,SABBL,-,"1,031.30","1,070.00","1,020.20","1,045.00","1,045.00",0,0,"1,040.21","22,960.00","1,063.00","23,883,229.20",346,-18,49.8,-1.69,4.88,0.46,0,0,"2,000.00",300,
,,245,SADBL,417.5,3.9,0.94,415,419.5,410,"40,797.00",413.6,,245,SADBL,-,415,419.5,410,417.5,417.5,0,0,411.7,"40,797.00",413.6,"16,796,313.70",77,3.9,9.5,0.94,2.32,1.39,417.89,412.62,497.1,376,
,,246,SADBLP,220,0,0,220,220,220,"13,212.00",220,,246,SADBLP,-,220,220,220,220,220,0,0,220,"13,212.00",220,"2,906,640.00",1,0,0,0,0,0,0,0,234,220,
,,247,SAGAR,"1,710.00",6,0.35,"1,682.00","1,723.80","1,682.00","10,413.00","1,704.00",,247,SAGAR,-,"1,682.00","1,723.80","1,682.00","1,710.00","1,710.00",0,0,"1,700.05","10,413.00","1,704.00","17,702,620.00",93,6,41.8,0.35,2.49,0.58,"1,799.17",0,"2,439.00",319.5,
,,248,SAGF,10.05,-0.05,-0.5,10.05,10.05,10.05,300,10.1,,248,SAGF,-,10.05,10.05,10.05,10.05,10.05,0,0,10.05,300,10.1,"3,015.00",2,-0.05,0,-0.5,0,0,10.12,9.92,11.31,8.79,
,,249,SAHAS,665,4,0.61,660,665,658,"42,628.00",661,,249,SAHAS,-,660,665,658,665,665,0,0,662.32,"42,628.00",661,"28,233,271.70",270,4,7,0.61,1.06,0.4,628.17,613.94,716.6,535.3,
,,250,SAIL,"1,099.00",24,2.23,"1,060.00","1,099.00","1,053.00","44,123.00","1,075.00",,250,SAIL,-,"1,060.00","1,099.00","1,053.00","1,099.00","1,099.00",0,0,"1,085.45","44,123.00","1,075.00","47,893,107.70",473,24,46,2.23,4.37,1.23,"1,174.60",0,"1,690.00",301.7,
,,251,SALICO,602.7,9.7,1.64,593,602.7,585.2,"2,499.00",593,,251,SALICO,-,593,602.7,585.2,602.7,602.7,0,0,595.02,"2,499.00",593,"1,486,954.10",37,9.7,17.5,1.64,2.99,1.27,606.3,604.23,735,570,
,,252,SAND2085,"1,150.00",0,0,"1,150.00","1,150.00","1,150.00",50,"1,150.00",,252,SAND2085,-,"1,150.00","1,150.00","1,150.00","1,150.00","1,150.00",0,0,"1,150.00",50,"1,150.00","57,500.00",1,0,0,0,0,0,"1,122.26","1,100.48","1,245.00","1,081.70",
,,253,SANIMA,372.7,1.8,0.49,370.8,374,366.1,"63,629.00",370.9,,253,SANIMA,-,370.8,374,366.1,372.7,372.7,0,0,371.34,"63,629.00",370.9,"23,628,260.00",205,1.8,7.9,0.49,2.16,0.36,353.11,341.44,390.6,295,
,,254,SANVI,604,10.5,1.77,586,607,586,"6,946.00",593.5,,254,SANVI,-,586,607,586,604,604,0,0,595.23,"6,946.00",593.5,"4,134,477.80",117,10.5,21,1.77,3.58,1.45,725.9,712.95,"1,060.00",536,
,,255,SAPDBL,858.9,19,2.26,798,940,798,"47,605.00",839.9,,255,SAPDBL,-,798,940,798,858.9,858.9,0,0,856.14,"47,605.00",839.9,"40,756,479.00",404,19,142,2.26,17.79,0.32,834.59,832.96,"1,065.70",686,
,,256,SARBTM,790.1,0.1,0.01,797,797,776,"6,077.00",790,,256,SARBTM,-,797,797,776,790.1,790.1,0,0,789.91,"6,077.00",790,"4,800,253.30",62,0.1,21,0.01,2.71,0.02,848.26,859.97,"1,026.00",750,
,,257,SBCF,9.6,0.1,1.05,9.5,9.77,9.5,"11,700.00",9.5,,257,SBCF,-,9.5,9.77,9.5,9.6,9.6,0,0,9.75,"11,700.00",9.5,"114,085.00",5,0.1,0.27,1.05,2.84,-1.57,9.74,9.53,11.57,8.82,
,,258,SBI,408,1.1,0.27,408.9,409,400,"32,635.00",406.9,,258,SBI,-,408.9,409,400,408,408,0,0,406.34,"32,635.00",406.9,"13,260,905.80",66,1.1,9,0.27,2.25,0.41,403.67,402.52,441,363,
,,259,SBL,414.4,3.7,0.9,410,417.5,407.2,"178,151.00",410.7,,259,SBL,-,410,417.5,407.2,414.4,414.4,0,0,412.45,"178,151.00",410.7,"73,478,111.90",261,3.7,10.3,0.9,2.53,0.47,393.78,382.35,424,320.5,
,,260,SBLD2091,"1,065.00",0,0,"1,065.00","1,065.00","1,065.00",25,"1,065.00",,260,SBLD2091,-,"1,065.00","1,065.00","1,065.00","1,065.00","1,065.00",0,0,"1,065.00",25,"1,065.00","26,625.00",1,0,0,0,0,0,"1,082.03",0,"1,150.00",825.35,
,,261,SCB,651,-1,-0.15,657.9,657.9,645.2,"10,797.00",652,,261,SCB,-,657.9,657.9,645.2,651,651,0,0,650.17,"10,797.00",652,"7,019,929.90",89,-1,12.7,-0.15,1.97,0.13,650.58,645.43,712.6,594.9,
,,262,SEF,9.8,-0.01,-0.1,9.98,10.1,9.8,"10,497.00",9.81,,262,SEF,-,9.98,10.1,9.8,9.8,9.8,0,0,9.83,"10,497.00",9.81,"103,218.45",11,-0.01,0.3,-0.1,3.06,-0.34,9.98,9.78,11.53,8.6,
,,263,SFEF,10,0,0,10,10,10,500,10,,263,SFEF,-,10,10,10,10,10,0,0,10,500,10,"5,000.00",3,0,0,0,0,0,10.04,9.8,11.12,8.82,
,,264,SFMF,10.15,0,0,10.2,10.2,10.15,"19,920.00",10.15,,264,SFMF,-,10.2,10.2,10.15,10.15,10.15,0,0,10.16,"19,920.00",10.15,"202,440.00",6,0,0.05,0,0.49,-0.12,10.37,10.19,11.74,9.4,
,,265,SGHC,317,-1,-0.31,310,325,310,"20,293.00",318,,265,SGHC,-,310,325,310,317,317,0,0,318.96,"20,293.00",318,"6,472,729.30",134,-1,15,-0.31,4.84,-0.62,377.72,381.17,487.6,296,
,,266,SGHL,529,9.1,1.75,545.8,545.8,508.2,"69,102.00",519.9,,266,SGHL,-,545.8,545.8,508.2,529,529,0,0,519.41,"69,102.00",519.9,"35,892,133.00","2,554",9.1,37.6,1.75,7.4,1.81,0,0,587,299.3,
,,267,SGIC,465,5.2,1.13,465,465,456,"8,092.00",459.8,,267,SGIC,-,465,465,456,465,465,0,0,460.9,"8,092.00",459.8,"3,729,642.60",65,5.2,9,1.13,1.97,0.88,479.75,478.56,613.8,437,
,,268,SHEL,307.7,2.7,0.89,305,308,302.7,"49,839.00",305,,268,SHEL,-,305,308,302.7,307.7,307.7,0,0,306.02,"49,839.00",305,"15,251,848.60",229,2.7,5.3,0.89,1.75,0.55,311.57,302.88,361,262,
,,269,SHINE,413,3,0.73,410,413,406,"10,540.00",410,,269,SHINE,-,410,413,406,413,413,0,0,410.97,"10,540.00",410,"4,331,621.00",69,3,7,0.73,1.72,0.49,411.07,408.89,466,382,
,,270,SHINED,"1,092.00",-17,-1.53,"1,092.00","1,092.00","1,092.00",25,"1,109.00",,270,SHINED,-,"1,092.00","1,092.00","1,092.00","1,092.00","1,092.00",0,0,"1,092.00",25,"1,109.00","27,300.00",1,-17,0,-1.53,0,0,"1,132.52",0,"1,200.00","1,000.00",
,,271,SHIVM,642,6,0.94,635,644,633,"69,233.00",636,,271,SHIVM,-,635,644,633,642,642,0,0,638.94,"69,233.00",636,"44,235,457.60",282,6,11,0.94,1.74,0.48,654.62,636.36,730,524,
,,272,SHL,501,1,0.2,496,501,496,"9,444.00",500,,272,SHL,-,496,501,496,501,501,0,0,498.64,"9,444.00",500,"4,709,150.40",38,1,5,0.2,1.01,0.47,500.32,502.38,582.8,464,
,,273,SHLB,"1,474.00",-1,-0.07,"1,460.00","1,474.00","1,438.00",100,"1,475.00",,273,SHLB,-,"1,460.00","1,474.00","1,438.00","1,474.00","1,474.00",0,0,"1,446.08",100,"1,475.00","144,608.00",6,-1,36,-0.07,2.5,1.89,"1,532.71","1,592.68","2,147.00","1,395.00",
,,274,SHPC,501,-4,-0.79,500,506,498.1,"35,056.00",505,,274,SHPC,-,500,506,498.1,501,501,0,0,500.21,"35,056.00",505,"17,535,443.80",118,-4,7.9,-0.79,1.59,0.16,522.45,523.4,621,475,
,,275,SICL,613,0,0,605.5,620,605.5,"2,202.00",613,,275,SICL,-,605.5,620,605.5,613,613,0,0,615.45,"2,202.00",613,"1,355,231.90",40,0,14.5,0,2.39,-0.4,629.88,632.02,805,588.8,
,,276,SIFC,519,1.2,0.23,520,520.9,508,"2,223.00",517.8,,276,SIFC,-,520,520.9,508,519,519,0,0,515.35,"2,223.00",517.8,"1,145,620.90",19,1.2,12.9,0.23,2.54,0.7,560.3,544.03,687.4,459,
,,277,SIGS3,10.42,-0.28,-2.62,10.71,10.71,10.42,"4,900.00",10.7,,277,SIGS3,-,10.71,10.71,10.42,10.42,10.42,0,0,10.48,"4,900.00",10.7,"51,356.00",4,-0.28,0.29,-2.62,2.78,-0.58,10.58,10.24,11.58,8.5,
,,278,SIKLES,559,0.4,0.07,558.6,559,555.4,"9,589.00",558.6,,278,SIKLES,-,558.6,559,555.4,559,559,0,0,557.55,"9,589.00",558.6,"5,346,386.10",59,0.4,3.6,0.07,0.65,0.26,596.66,602.73,"1,177.00",540,
,,279,SINDU,723.9,22.9,3.27,714,725,695.8,"48,851.00",701,,279,SINDU,-,714,725,695.8,723.9,723.9,0,0,715.22,"48,851.00",701,"34,939,030.50",295,22.9,29.2,3.27,4.2,1.2,747.33,741.01,919.9,608,
,,280,SIPD,680,1.1,0.16,661,685,648,"22,151.00",678.9,,280,SIPD,-,661,685,648,680,680,0,0,669.85,"22,151.00",678.9,"14,837,824.90",326,1.1,37,0.16,5.71,1.49,0,0,"1,216.80",284.3,
,,281,SJCL,275,1,0.36,266,275,266,"9,243.00",274,,281,SJCL,-,266,275,266,275,275,0,0,272.28,"9,243.00",274,"2,516,705.70",56,1,9,0.36,3.38,0.99,300,295.94,365,263.2,
,,282,SJLIC,419,1.3,0.31,415,419,414,"6,837.00",417.7,,282,SJLIC,-,415,419,414,419,419,0,0,415.37,"6,837.00",417.7,"2,839,880.00",82,1.3,5,0.31,1.21,0.87,435.5,440.73,489.9,390,
,,283,SKBBL,757,-0.9,-0.12,768,768,751.6,"7,076.00",757.9,,283,SKBBL,-,768,768,751.6,757,757,0,0,753.85,"7,076.00",757.9,"5,334,209.80",85,-0.9,16.4,-0.12,2.18,0.42,768.29,791.08,956,740,
,,284,SKHEL,978,2,0.2,976,997,952,"2,859.00",976,,284,SKHEL,-,976,997,952,978,978,0,0,967.8,"2,859.00",976,"2,766,940.60",74,2,45,0.2,4.73,1.04,0,0,"2,069.40",284.3,
,,285,SKHL,884,13,1.49,870,900,847,"29,377.00",871,,285,SKHL,-,870,900,847,884,884,0,0,883.28,"29,377.00",871,"25,948,020.80",324,13,53,1.49,6.26,0.08,0,0,"1,360.00",300,
,,286,SLBBL,803,-6,-0.74,810,810,801,"1,894.00",809,,286,SLBBL,-,810,810,801,803,803,0,0,808.06,"1,894.00",809,"1,530,456.40",33,-6,9,-0.74,1.12,-0.63,824.14,841.89,"1,116.00",770.1,
,,287,SLBSL,"1,085.00",-5,-0.46,"1,090.00","1,090.00","1,070.00","2,655.00","1,090.00",,287,SLBSL,-,"1,090.00","1,090.00","1,070.00","1,085.00","1,085.00",0,0,"1,083.05","2,655.00","1,090.00","2,875,502.50",22,-5,20,-0.46,1.87,0.18,"1,250.27","1,275.30","1,622.80","1,070.00",
,,288,SLCF,9.89,-0.1,-1,9.7,9.89,9.7,500,9.99,,288,SLCF,-,9.7,9.89,9.7,9.89,9.89,0,0,9.74,500,9.99,"4,869.00",2,-0.1,0.19,-1,1.96,1.54,9.92,9.68,11.99,8.6,
,,289,SMATA,731,-9,-1.22,732,737.5,721,"3,028.00",740,,289,SMATA,-,732,737.5,721,731,731,0,0,730.53,"3,028.00",740,"2,212,032.00",32,-9,16.5,-1.22,2.29,0.06,778.29,787.24,"1,226.00",713.5,
,,290,SMB,"1,835.00",19,1.05,"1,817.10","1,847.90","1,817.10","1,046.00","1,816.00",,290,SMB,-,"1,817.10","1,847.90","1,817.10","1,835.00","1,835.00",0,0,"1,822.83","1,046.00","1,816.00","1,906,677.20",13,19,30.8,1.05,1.7,0.66,"1,840.03","1,898.40","2,517.00","1,699.00",
,,291,SMFBS,"1,539.00",39,2.6,"1,500.00","1,539.00","1,490.00",357,"1,500.00",,291,SMFBS,-,"1,500.00","1,539.00","1,490.00","1,539.00","1,539.00",0,0,"1,499.62",357,"1,500.00","535,365.00",10,39,49,2.6,3.29,2.56,"1,612.80","1,641.12","1,968.00","1,420.00",
,,292,SMH,498,-4.9,-0.97,515,515,497,"13,751.00",502.9,,292,SMH,-,515,515,497,498,498,0,0,507.24,"13,751.00",502.9,"6,975,016.90",80,-4.9,18,-0.97,3.62,-1.85,604.49,654.36,"1,024.80",482.6,
,,293,SMHL,498.9,2.9,0.58,493,498.9,489,"42,099.00",496,,293,SMHL,-,493,498.9,489,498.9,498.9,0,0,492.51,"42,099.00",496,"20,734,113.60",179,2.9,9.9,0.58,2.02,1.28,495.47,560.8,"1,162.10",443,
,,294,SMJC,444,2,0.45,438.1,446.6,438.1,"4,112.00",442,,294,SMJC,-,438.1,446.6,438.1,444,444,0,0,442.24,"4,112.00",442,"1,818,494.90",62,2,8.5,0.45,1.94,0.4,470.26,480.51,653,422.1,
,,295,SMPDA,762,-6.9,-0.9,759,769,750.1,677,768.9,,295,SMPDA,-,759,769,750.1,762,762,0,0,758.5,677,768.9,"513,506.00",25,-6.9,18.9,-0.9,2.52,0.46,843.39,863.59,"1,155.00",730,
,,296,SNLI,428,0,0,428,428,425,"4,394.00",428,,296,SNLI,-,428,428,425,428,428,0,0,426.43,"4,394.00",428,"1,873,753.80",146,0,3,0,0.71,0.37,454.12,464.96,528.3,411.6,
,,297,SNORL,926.1,-11.9,-1.27,925,996,912,"23,492.00",938,,297,SNORL,-,925,996,912,926.1,926.1,0,0,940.25,"23,492.00",938,"22,088,309.30",518,-11.9,84,-1.27,9.21,-1.53,0,0,"1,017.10",298.7,
,,298,SOHL,583.9,12.9,2.26,571,589.4,566.2,"179,906.00",571,,298,SOHL,-,571,589.4,566.2,583.9,583.9,0,0,580.79,"179,906.00",571,"104,488,334.30",939,12.9,23.2,2.26,4.1,0.53,0,0,875.5,300,
,,299,SONA,410,1.2,0.29,405,410,404,"14,952.00",408.8,,299,SONA,-,405,410,404,410,410,0,0,406.89,"14,952.00",408.8,"6,083,886.50",172,1.2,6,0.29,1.49,0.76,437.8,433.96,510,398,
,,300,SOPL,827,2,0.24,783.8,840,783.8,"31,094.00",825,,300,SOPL,-,783.8,840,783.8,827,827,0,0,826.54,"31,094.00",825,"25,700,306.30",960,2,56.2,0.24,7.17,0.06,0,0,"1,217.00",276.5,
,,301,SPC,421,6,1.45,412,422,407,"8,408.00",415,,301,SPC,-,412,422,407,421,421,0,0,416.71,"8,408.00",415,"3,503,706.80",65,6,15,1.45,3.69,1.02,469.8,480.12,577,400,
,,302,SPDL,372.1,-2.8,-0.75,370.1,374,365.2,"34,892.00",374.9,,302,SPDL,-,370.1,374,365.2,372.1,372.1,0,0,369.27,"34,892.00",374.9,"12,884,400.60",98,-2.8,8.8,-0.75,2.41,0.76,402.22,404.86,474,353.1,
,,303,SPHL,539.6,3.6,0.67,520,565,515,"5,770.00",536,,303,SPHL,-,520,565,515,539.6,539.6,0,0,534.68,"5,770.00",536,"3,085,077.00",55,3.6,50,0.67,9.71,0.91,553.07,549.98,714,477.1,
,,304,SPIL,705.9,5.9,0.84,690,707,685.3,597,700,,304,SPIL,-,690,707,685.3,705.9,705.9,0,0,690.13,597,700,"412,009.90",26,5.9,21.7,0.84,3.17,2.23,713.32,712.29,859,625,
,,305,SPL,663.4,-0.6,-0.09,651,663.8,651,"1,940.00",664,,305,SPL,-,651,663.8,651,663.4,663.4,0,0,654.91,"1,940.00",664,"1,270,527.00",19,-0.6,12.8,-0.09,1.97,1.28,720.47,777.01,"1,019.00",618,
,,306,SRLI,379.4,-2.1,-0.55,381.5,381.5,376.1,"4,482.00",381.5,,306,SRLI,-,381.5,381.5,376.1,379.4,379.4,0,0,378.77,"4,482.00",381.5,"1,697,624.80",103,-2.1,5.4,-0.55,1.44,0.17,393.17,394.95,437.7,363.9,
,,307,SSHL,205,2,0.99,203.5,206,202.3,"93,044.00",203,,307,SSHL,-,203.5,206,202.3,205,205,0,0,204.31,"93,044.00",203,"19,010,077.10",271,2,3.7,0.99,1.83,0.34,210.75,195.48,296.6,151,
,,308,STC,"5,150.00",-39,-0.75,"5,200.00","5,200.00","5,150.00",289,"5,189.00",,308,STC,-,"5,200.00","5,200.00","5,150.00","5,150.00","5,150.00",0,0,"5,174.90",289,"5,189.00","1,495,546.00",12,-39,50,-0.75,0.97,-0.48,"5,613.95","5,542.55","6,335.90","4,832.00",
,,309,SWASTIK,"2,020.00",8.9,0.44,"2,023.00","2,026.00","2,005.00",170,"2,011.10",,309,SWASTIK,-,"2,023.00","2,026.00","2,005.00","2,020.00","2,020.00",0,0,"2,017.94",170,"2,011.10","343,050.00",11,8.9,21,0.44,1.05,0.1,"2,495.63",0,"3,400.00",391.7,
,,310,SWBBL,681.9,8.9,1.32,683,684,673,"3,994.00",673,,310,SWBBL,-,683,684,673,681.9,681.9,0,0,678.61,"3,994.00",673,"2,710,374.30",38,8.9,11,1.32,1.63,0.48,731.56,746.44,"1,016.00",630.5,
,,311,SWMF,617,-10,-1.59,616,629,615.4,"3,215.00",627,,311,SWMF,-,616,629,615.4,617,617,0,0,616.8,"3,215.00",627,"1,983,001.70",33,-10,13.6,-1.59,2.21,0.03,663.59,671.17,828,591,
,,312,SYPNL,"1,350.00",19,1.43,"1,264.50","1,355.00","1,264.50","44,453.00","1,331.00",,312,SYPNL,-,"1,264.50","1,355.00","1,264.50","1,350.00","1,350.00",0,0,"1,333.64","44,453.00","1,331.00","59,284,285.20",527,19,90.5,1.43,7.16,1.21,"1,617.68",0,"2,255.90",319.8,
,,313,TAMOR,449.3,-1.7,-0.38,448.1,453,445,"27,003.00",451,,313,TAMOR,-,448.1,453,445,449.3,449.3,0,0,449.4,"27,003.00",451,"12,135,028.30",143,-1.7,8,-0.38,1.8,-0.02,444.83,451.11,538,396.4,
,,314,TPC,358.5,0.6,0.17,363.8,363.8,353.2,"5,940.00",357.9,,314,TPC,-,363.8,363.8,353.2,358.5,358.5,0,0,356.32,"5,940.00",357.9,"2,116,565.60",45,0.6,10.6,0.17,3,0.61,378.29,368.87,450,270.1,
,,315,TPKHL,548.9,9.9,1.84,530,548.9,520,"39,253.00",539,,315,TPKHL,-,530,548.9,520,548.9,548.9,0,0,535.99,"39,253.00",539,"21,039,172.90",990,9.9,28.9,1.84,5.56,2.35,0,0,772.5,300,
,,316,TRH,782,-3.9,-0.5,770.1,788,769.3,"1,222.00",785.9,,316,TRH,-,770.1,788,769.3,782,782,0,0,780.25,"1,222.00",785.9,"953,463.20",13,-3.9,18.7,-0.5,2.43,0.22,764.68,748.48,"1,030.80",681.1,
,,317,TSHL,374,2,0.54,381,381,368,"3,561.00",372,,317,TSHL,-,381,381,368,374,374,0,0,371.94,"3,561.00",372,"1,324,483.70",63,2,13,0.54,3.53,0.55,607.24,647.19,989,308.1,
,,318,TTL,730,9.6,1.33,702,731,702,"6,475.00",720.4,,318,TTL,-,702,731,702,730,730,0,0,725.96,"6,475.00",720.4,"4,700,621.90",153,9.6,29,1.33,4.13,0.55,832.76,820.58,"1,262.80",670,
,,319,TVCL,489,12.8,2.69,476,489,476,"2,210.00",476.2,,319,TVCL,-,476,489,476,489,489,0,0,483.71,"2,210.00",476.2,"1,069,002.60",27,12.8,13,2.69,2.73,1.08,546.82,503.24,689,377.6,
,,320,UAIL,445.3,-2.7,-0.6,440.1,451,440.1,"8,209.00",448,,320,UAIL,-,440.1,451,440.1,445.3,445.3,0,0,446.87,"8,209.00",448,"3,668,340.40",66,-2.7,10.9,-0.6,2.48,-0.35,459.81,459.09,591,421,
,,321,UHEWA,572.1,1.1,0.19,564,579.8,564,"13,705.00",571,,321,UHEWA,-,564,579.8,564,572.1,572.1,0,0,572.88,"13,705.00",571,"7,851,290.50",70,1.1,15.8,0.19,2.8,-0.14,586.86,585.4,692.6,521,
,,322,ULBSL,"2,775.00",-10,-0.36,"2,720.00","2,787.00","2,720.00",433,"2,785.00",,322,ULBSL,-,"2,720.00","2,787.00","2,720.00","2,775.00","2,775.00",0,0,"2,741.03",433,"2,785.00","1,186,866.00",21,-10,67,-0.36,2.46,1.22,"3,042.67","3,245.44","4,325.00","2,700.00",
,,323,ULHC,362,21.9,6.44,339,365,337,"24,501.00",340.1,,323,ULHC,-,339,365,337,362,362,0,0,350.53,"24,501.00",340.1,"8,588,236.00",169,21.9,28,6.44,8.31,3.17,479.56,472.38,599,337,
,,324,UMHL,581,-5.7,-0.97,573,584.2,570,"95,992.00",586.7,,324,UMHL,-,573,584.2,570,581,581,0,0,578.92,"95,992.00",586.7,"55,571,232.20",111,-5.7,14.2,-0.97,2.49,0.36,599.85,588.46,706,495,
,,325,UMRH,537.2,-2.3,-0.43,531,544,531,"4,468.00",539.5,,325,UMRH,-,531,544,531,537.2,537.2,0,0,538.64,"4,468.00",539.5,"2,406,650.30",40,-2.3,13,-0.43,2.45,-0.27,544.73,549.85,666.5,512,
,,326,UNHPL,382.1,-0.8,-0.21,380.2,385,380,"10,081.00",382.9,,326,UNHPL,-,380.2,385,380,382.1,382.1,0,0,381.22,"10,081.00",382.9,"3,843,082.30",53,-0.8,5,-0.21,1.32,0.23,460.03,471.46,571,370,
,,327,UNL,"48,590.00",390,0.81,"48,590.00","48,590.00","48,590.00",10,"48,200.00",,327,UNL,-,"48,590.00","48,590.00","48,590.00","48,590.00","48,590.00",0,0,"48,590.00",10,"48,200.00","485,900.00",1,390,0,0.81,0,0,"46,907.42","47,109.58","49,738.90","45,200.00",
,,328,UNLB,"1,259.00",-6,-0.47,"1,236.00","1,271.90","1,235.00",246,"1,265.00",,328,UNLB,-,"1,236.00","1,271.90","1,235.00","1,259.00","1,259.00",0,0,"1,244.13",246,"1,265.00","306,057.00",15,-6,36.9,-0.47,2.99,1.18,"1,542.25","1,676.96","2,480.00","1,213.00",
,,329,UPCL,362,15,4.32,349,362,344,"68,843.00",347,,329,UPCL,-,349,362,344,362,362,0,0,353.66,"68,843.00",347,"24,347,310.90",159,15,18,4.32,5.23,2.3,374.26,372.67,431.9,326.9,
,,330,UPPER,195.5,1.5,0.77,194,196,193,"73,985.00",194,,330,UPPER,-,194,196,193,195.5,195.5,0,0,194.36,"73,985.00",194,"14,379,602.70",316,1.5,3,0.77,1.55,0.58,202.58,194.22,242.6,166,
,,331,USHEC,492,0,0,490,497,490,"4,347.00",492,,331,USHEC,-,490,497,490,492,492,0,0,492.76,"4,347.00",492,"2,142,045.40",31,0,7,0,1.43,-0.16,494.33,486.28,539.1,432,
,,332,USHL,544.3,1.3,0.24,570.1,570.1,526.3,"1,246.00",543,,332,USHL,-,570.1,570.1,526.3,544.3,544.3,0,0,539.56,"1,246.00",543,"672,294.10",43,1.3,43.8,0.24,8.32,0.87,646.01,690.8,945,468.1,
,,333,USLB,"1,135.00",-17.3,-1.5,"1,150.00","1,156.00","1,135.00","2,288.00","1,152.30",,333,USLB,-,"1,150.00","1,156.00","1,135.00","1,135.00","1,135.00",0,0,"1,147.39","2,288.00","1,152.30","2,625,228.90",34,-17.3,21,-1.5,1.85,-1.09,"1,326.68","1,439.96","2,750.00","1,105.80",
,,334,VLBS,670,-1,-0.15,667,680,667,961,671,,334,VLBS,-,667,680,667,670,670,0,0,672.33,961,671,"646,110.40",57,-1,13,-0.15,1.95,-0.35,729.41,745.23,950,640,
,,335,VLUCL,429,-9,-2.05,428.1,430,417,"9,513.00",438,,335,VLUCL,-,428.1,430,417,429,429,0,0,422.09,"9,513.00",438,"4,015,380.00",103,-9,13,-2.05,3.12,1.61,510.79,530.74,652,412,
,,336,WNLB,"1,345.00",-3,-0.22,"1,315.20","1,345.00","1,315.20",122,"1,348.00",,336,WNLB,-,"1,315.20","1,345.00","1,315.20","1,345.00","1,345.00",0,0,"1,325.82",122,"1,348.00","161,750.10",7,-3,29.8,-0.22,2.27,1.43,"1,465.40","1,594.13","2,561.00","1,242.10",
,,337,YMHL,644,-1,-0.16,630.2,654.7,622.3,"28,063.00",645,,337,YMHL,-,630.2,654.7,622.3,644,644,0,0,640.37,"28,063.00",645,"17,970,606.20",763,-1,32.4,-0.16,5.21,0.56,0,0,797.6,300,